Date,Airline,Departure,Arrival,Day,time,Payment,Price
2023-06-01,캐세이퍼시픽항공,15:10ICN,07:00CDG,+1일,"경유 1, 22시간 50분",성인/KB국민카드,"편도 10,938,100원~"
2023-06-01,캐세이퍼시픽항공,10:10ICN,07:00CDG,+1일,"경유 1, 27시간 50분",성인/KB국민카드,"편도 10,938,100원~"
2023-06-01,캐세이퍼시픽항공,13:35ICN,07:00CDG,+1일,"경유 1, 24시간 25분",성인/KB국민카드,"편도 10,938,100원~"
2023-06-01,캐세이퍼시픽항공,20:15ICN,07:00CDG,+2일,"경유 1, 41시간 45분",성인/KB국민카드,"편도 10,958,700원~"
2023-06-02,에미레이트항공,23:55ICN,13:30CDG,+1일,"경유 1, 20시간 35분",성인/현대 M2/M3 Edition2(이용실적 충족시),"편도 5,843,900원~"
2023-06-02,에미레이트항공,23:55ICN,20:00CDG,+1일,"경유 1, 27시간 05분",성인/현대 M2/M3 Edition2(이용실적 충족시),"편도 5,843,900원~"
2023-06-02,에미레이트항공,23:55ICN,09:25CDG,+2일,"경유 1, 40시간 30분",성인/현대 M2/M3 Edition2(이용실적 충족시),"편도 5,843,900원~"
2023-06-02,대한항공,12:20ICN,18:30CDG,"직항, 13시간 10분",,성인/현대 M2/M3 Edition2(이용실적 충족시),"편도 5,953,500원~"
2023-06-02,여러항공사Hop 공동운항,11:25ICN,21:20CDG,"경유 1, 16시간 55분",,성인/모든 결제수단,"편도 6,628,600원~"
2023-06-02,여러항공사,10:55ICN,09:35CDG,+1일,"경유 1, 29시간 40분",성인/모든 결제수단,"편도 6,629,500원~"
2023-06-02,여러항공사,10:55ICN,23:15CDG,"경유 1, 19시간 20분",,성인/모든 결제수단,"편도 6,629,500원~"
2023-06-02,여러항공사,10:55ICN,08:35CDG,+1일,"경유 1, 28시간 40분",성인/모든 결제수단,"편도 6,669,000원~"
2023-06-02,여러항공사Hop 공동운항,11:25ICN,08:35CDG,+1일,"경유 1, 28시간 10분",성인/모든 결제수단,"편도 6,716,000원~"
2023-06-02,여러항공사Hop 공동운항,11:25ICN,11:10CDG,+1일,"경유 1, 30시간 45분",성인/모든 결제수단,"편도 6,716,000원~"
2023-06-02,여러항공사,10:55ICN,22:00CDG,"경유 1, 18시간 05분",,성인/모든 결제수단,"편도 6,973,200원~"
2023-06-02,일본항공대한항공 공동운항,20:30ICN,16:15CDG,+1일,"경유 1, 26시간 45분",성인/모든 결제수단,"편도 7,132,600원~"
2023-06-02,일본항공대한항공 공동운항,10:10ICN,16:15CDG,+1일,"경유 1, 37시간 05분",성인/모든 결제수단,"편도 7,147,300원~"
2023-06-02,일본항공대한항공 공동운항,18:05ICN,16:15CDG,+1일,"경유 1, 29시간 10분",성인/모든 결제수단,"편도 7,147,300원~"
2023-06-02,여러항공사,11:25ICN,16:35ORY,+1일,"경유 2, 36시간 10분",성인/모든 결제수단,"편도 7,289,700원~"
2023-06-02,여러항공사대한항공 공동운항,20:30ICN,22:50CDG,+1일,"경유 2, 33시간 20분",성인/모든 결제수단,"편도 7,888,300원~"
2023-06-03,에미레이트항공,23:55ICN,13:30CDG,+1일,"경유 1, 20시간 35분",성인/현대 M2/M3 Edition2(이용실적 충족시),"편도 5,843,900원~"
2023-06-03,에미레이트항공,23:55ICN,20:00CDG,+1일,"경유 1, 27시간 05분",성인/현대 M2/M3 Edition2(이용실적 충족시),"편도 5,843,900원~"
2023-06-03,에미레이트항공,23:55ICN,09:25CDG,+2일,"경유 1, 40시간 30분",성인/현대 M2/M3 Edition2(이용실적 충족시),"편도 5,843,900원~"
2023-06-03,대한항공,12:20ICN,18:30CDG,"직항, 13시간 10분",,성인/현대 M2/M3 Edition2(이용실적 충족시),"편도 5,953,500원~"
2023-06-03,에티하드항공,17:55ICN,07:45CDG,+1일,"경유 1, 20시간 50분",성인/모든 결제수단,"편도 6,217,700원~"
2023-06-03,여러항공사,10:55ICN,22:50CDG,"경유 1, 18시간 55분",,성인/모든 결제수단,"편도 6,629,500원~"
2023-06-03,여러항공사Hop 공동운항,11:25ICN,08:35CDG,+1일,"경유 1, 28시간 10분",성인/모든 결제수단,"편도 6,716,000원~"
2023-06-03,여러항공사Hop 공동운항,11:25ICN,11:10CDG,+1일,"경유 1, 30시간 45분",성인/모든 결제수단,"편도 6,716,000원~"
2023-06-03,여러항공사,10:55ICN,08:35CDG,+1일,"경유 1, 28시간 40분",성인/모든 결제수단,"편도 6,973,200원~"
2023-06-03,여러항공사,10:55ICN,22:00CDG,"경유 1, 18시간 05분",,성인/모든 결제수단,"편도 6,973,200원~"
2023-06-03,여러항공사Hop 공동운항,11:25ICN,13:35CDG,+1일,"경유 1, 33시간 10분",성인/모든 결제수단,"편도 7,020,200원~"
2023-06-04,에미레이트항공,23:55ICN,20:00CDG,+1일,"경유 1, 27시간 05분",성인/현대 M2/M3 Edition2(이용실적 충족시),"편도 5,843,900원~"
2023-06-04,에미레이트항공,23:55ICN,09:25CDG,+2일,"경유 1, 40시간 30분",성인/현대 M2/M3 Edition2(이용실적 충족시),"편도 5,843,900원~"
2023-06-04,대한항공,12:20ICN,18:30CDG,"직항, 13시간 10분",,성인/현대 M2/M3 Edition2(이용실적 충족시),"편도 5,953,500원~"
2023-06-04,여러항공사,10:55ICN,22:00CDG,"경유 1, 18시간 05분",,성인/모든 결제수단,"편도 6,609,200원~"
2023-06-04,여러항공사Hop 공동운항,11:25ICN,21:20CDG,"경유 1, 16시간 55분",,성인/모든 결제수단,"편도 6,628,600원~"
2023-06-04,여러항공사,10:55ICN,22:50CDG,"경유 1, 18시간 55분",,성인/모든 결제수단,"편도 6,629,500원~"
2023-06-04,여러항공사,10:55ICN,08:35CDG,+1일,"경유 1, 28시간 40분",성인/모든 결제수단,"편도 6,669,000원~"
2023-06-04,여러항공사,10:55ICN,11:20CDG,+1일,"경유 1, 31시간 25분",성인/모든 결제수단,"편도 6,669,000원~"
2023-06-04,여러항공사Hop 공동운항,11:25ICN,13:35CDG,+1일,"경유 1, 33시간 10분",성인/모든 결제수단,"편도 6,716,000원~"
2023-06-04,여러항공사Hop 공동운항,11:25ICN,11:10CDG,+1일,"경유 1, 30시간 45분",성인/모든 결제수단,"편도 6,716,000원~"
2023-06-04,여러항공사Hop 공동운항,11:25ICN,08:35CDG,+1일,"경유 1, 28시간 10분",성인/모든 결제수단,"편도 6,716,000원~"
2023-06-04,에미레이트항공,23:55ICN,13:30CDG,+1일,"경유 1, 20시간 35분",성인/현대 M2/M3 Edition2(이용실적 충족시),"편도 6,896,900원~"
2023-06-04,일본항공대한항공 공동운항,20:30ICN,16:15CDG,+1일,"경유 1, 26시간 45분",성인/모든 결제수단,"편도 7,132,600원~"
2023-06-04,일본항공대한항공 공동운항,10:10ICN,16:15CDG,+1일,"경유 1, 37시간 05분",성인/모든 결제수단,"편도 7,147,300원~"
2023-06-04,일본항공대한항공 공동운항,18:05ICN,16:15CDG,+1일,"경유 1, 29시간 10분",성인/모든 결제수단,"편도 7,147,300원~"
2023-06-05,에미레이트항공,23:55ICN,20:00CDG,+1일,"경유 1, 27시간 05분",성인/현대 M2/M3 Edition2(이용실적 충족시),"편도 5,843,900원~"
2023-06-05,에미레이트항공,23:55ICN,09:25CDG,+2일,"경유 1, 40시간 30분",성인/현대 M2/M3 Edition2(이용실적 충족시),"편도 5,843,900원~"
2023-06-05,에티하드항공,17:55ICN,07:45CDG,+1일,"경유 1, 20시간 50분",성인/모든 결제수단,"편도 6,217,700원~"
2023-06-05,여러항공사,10:55ICN,22:00CDG,"경유 1, 18시간 05분",,성인/모든 결제수단,"편도 6,609,200원~"
2023-06-05,여러항공사,10:55ICN,22:50CDG,"경유 1, 18시간 55분",,성인/모든 결제수단,"편도 6,629,500원~"
2023-06-05,에미레이트항공,23:55ICN,13:30CDG,+1일,"경유 1, 20시간 35분",성인/현대 M2/M3 Edition2(이용실적 충족시),"편도 6,896,900원~"
2023-06-05,일본항공대한항공 공동운항,20:30ICN,16:15CDG,+1일,"경유 1, 26시간 45분",성인/모든 결제수단,"편도 7,132,600원~"
2023-06-05,일본항공대한항공 공동운항,10:10ICN,16:15CDG,+1일,"경유 1, 37시간 05분",성인/모든 결제수단,"편도 7,147,300원~"
2023-06-05,일본항공대한항공 공동운항,18:05ICN,16:15CDG,+1일,"경유 1, 29시간 10분",성인/모든 결제수단,"편도 7,147,300원~"
2023-06-05,여러항공사,10:55ICN,15:35CDG,+1일,"경유 1, 35시간 40분",성인/모든 결제수단,"편도 7,261,100원~"
2023-06-06,에미레이트항공,23:55ICN,13:30CDG,+1일,"경유 1, 20시간 35분",성인/현대 M2/M3 Edition2(이용실적 충족시),"편도 5,843,900원~"
2023-06-06,에미레이트항공,23:55ICN,20:00CDG,+1일,"경유 1, 27시간 05분",성인/현대 M2/M3 Edition2(이용실적 충족시),"편도 5,843,900원~"
2023-06-06,에미레이트항공,23:55ICN,09:25CDG,+2일,"경유 1, 40시간 30분",성인/현대 M2/M3 Edition2(이용실적 충족시),"편도 5,843,900원~"
2023-06-06,대한항공,12:20ICN,18:30CDG,"직항, 13시간 10분",,성인/현대 M2/M3 Edition2(이용실적 충족시),"편도 5,953,500원~"
2023-06-06,에티하드항공,17:55ICN,07:45CDG,+1일,"경유 1, 20시간 50분",성인/모든 결제수단,"편도 6,217,700원~"
2023-06-06,여러항공사,10:55ICN,09:10CDG,+1일,"경유 1, 29시간 15분",성인/모든 결제수단,"편도 6,629,500원~"
2023-06-06,여러항공사,10:55ICN,22:50CDG,"경유 1, 18시간 55분",,성인/모든 결제수단,"편도 6,629,500원~"
2023-06-06,여러항공사Hop 공동운항,11:25ICN,08:35CDG,+1일,"경유 1, 28시간 10분",성인/모든 결제수단,"편도 6,716,000원~"
2023-06-06,여러항공사Hop 공동운항,11:25ICN,11:10CDG,+1일,"경유 1, 30시간 45분",성인/모든 결제수단,"편도 6,716,000원~"
2023-06-06,여러항공사Hop 공동운항,11:25ICN,13:35CDG,+1일,"경유 1, 33시간 10분",성인/모든 결제수단,"편도 6,716,000원~"
2023-06-06,여러항공사,10:55ICN,08:35CDG,+1일,"경유 1, 28시간 40분",성인/모든 결제수단,"편도 6,973,200원~"
2023-06-06,일본항공대한항공 공동운항,20:30ICN,16:15CDG,+1일,"경유 1, 26시간 45분",성인/모든 결제수단,"편도 7,132,600원~"
2023-06-07,에미레이트항공,23:55ICN,13:30CDG,+1일,"경유 1, 20시간 35분",성인/현대 M2/M3 Edition2(이용실적 충족시),"편도 5,843,900원~"
2023-06-07,에미레이트항공,23:55ICN,20:00CDG,+1일,"경유 1, 27시간 05분",성인/현대 M2/M3 Edition2(이용실적 충족시),"편도 5,843,900원~"
2023-06-07,대한항공,12:20ICN,18:30CDG,"직항, 13시간 10분",,성인/현대 M2/M3 Edition2(이용실적 충족시),"편도 5,953,500원~"
2023-06-07,에티하드항공,17:55ICN,07:45CDG,+1일,"경유 1, 20시간 50분",성인/모든 결제수단,"편도 6,217,700원~"
2023-06-07,여러항공사,10:55ICN,09:25CDG,+1일,"경유 1, 29시간 30분",성인/모든 결제수단,"편도 6,629,500원~"
2023-06-07,여러항공사,10:55ICN,23:00CDG,"경유 1, 19시간 05분",,성인/모든 결제수단,"편도 6,629,500원~"
2023-06-07,여러항공사,10:55ICN,11:20CDG,+1일,"경유 1, 31시간 25분",성인/모든 결제수단,"편도 6,669,000원~"
2023-06-07,에미레이트항공,23:55ICN,09:25CDG,+2일,"경유 1, 40시간 30분",성인/현대 M2/M3 Edition2(이용실적 충족시),"편도 6,896,900원~"
2023-06-07,여러항공사,10:55ICN,08:35CDG,+1일,"경유 1, 28시간 40분",성인/모든 결제수단,"편도 6,973,200원~"
2023-06-07,여러항공사,10:55ICN,13:50CDG,+1일,"경유 1, 33시간 55분",성인/모든 결제수단,"편도 6,973,200원~"
2023-06-07,일본항공대한항공 공동운항,20:30ICN,16:15CDG,+1일,"경유 1, 26시간 45분",성인/모든 결제수단,"편도 7,132,600원~"
2023-06-07,일본항공대한항공 공동운항,10:10ICN,16:15CDG,+1일,"경유 1, 37시간 05분",성인/모든 결제수단,"편도 7,147,300원~"
2023-06-08,에미레이트항공,23:55ICN,20:00CDG,+1일,"경유 1, 27시간 05분",성인/현대 M2/M3 Edition2(이용실적 충족시),"편도 5,843,900원~"
2023-06-08,에미레이트항공,23:55ICN,09:25CDG,+2일,"경유 1, 40시간 30분",성인/현대 M2/M3 Edition2(이용실적 충족시),"편도 5,843,900원~"
2023-06-08,대한항공,12:20ICN,18:30CDG,"직항, 13시간 10분",,성인/현대 M2/M3 Edition2(이용실적 충족시),"편도 5,953,500원~"
2023-06-08,여러항공사Hop 공동운항,11:25ICN,21:20CDG,"경유 1, 16시간 55분",,성인/모든 결제수단,"편도 6,628,600원~"
2023-06-08,여러항공사,10:55ICN,22:50CDG,"경유 1, 18시간 55분",,성인/모든 결제수단,"편도 6,629,500원~"
2023-06-08,여러항공사,10:55ICN,11:20CDG,+1일,"경유 1, 31시간 25분",성인/모든 결제수단,"편도 6,669,000원~"
2023-06-08,여러항공사Hop 공동운항,11:25ICN,08:35CDG,+1일,"경유 1, 28시간 10분",성인/모든 결제수단,"편도 6,716,000원~"
2023-06-08,여러항공사Hop 공동운항,11:25ICN,11:10CDG,+1일,"경유 1, 30시간 45분",성인/모든 결제수단,"편도 6,716,000원~"
2023-06-08,여러항공사Hop 공동운항,11:25ICN,13:35CDG,+1일,"경유 1, 33시간 10분",성인/모든 결제수단,"편도 6,716,000원~"
2023-06-08,여러항공사,10:55ICN,22:00CDG,"경유 1, 18시간 05분",,성인/모든 결제수단,"편도 6,973,200원~"
2023-06-08,일본항공대한항공 공동운항,20:30ICN,16:15CDG,+1일,"경유 1, 26시간 45분",성인/모든 결제수단,"편도 7,132,600원~"
2023-06-08,일본항공대한항공 공동운항,10:10ICN,16:15CDG,+1일,"경유 1, 37시간 05분",성인/모든 결제수단,"편도 7,147,300원~"
2023-06-09,에미레이트항공,23:55ICN,20:00CDG,+1일,"경유 1, 27시간 05분",성인/현대 M2/M3 Edition2(이용실적 충족시),"편도 5,843,900원~"
2023-06-09,에미레이트항공,23:55ICN,09:25CDG,+2일,"경유 1, 40시간 30분",성인/현대 M2/M3 Edition2(이용실적 충족시),"편도 5,843,900원~"
2023-06-09,대한항공,12:20ICN,18:30CDG,"직항, 13시간 10분",,성인/현대 M2/M3 Edition2(이용실적 충족시),"편도 5,953,500원~"
2023-06-09,여러항공사Hop 공동운항,11:25ICN,21:20CDG,"경유 1, 16시간 55분",,성인/모든 결제수단,"편도 6,628,600원~"
2023-06-09,여러항공사,10:55ICN,23:15CDG,"경유 1, 19시간 20분",,성인/모든 결제수단,"편도 6,629,500원~"
2023-06-09,여러항공사Hop 공동운항,11:25ICN,08:35CDG,+1일,"경유 1, 28시간 10분",성인/모든 결제수단,"편도 6,716,000원~"
2023-06-09,여러항공사Hop 공동운항,11:25ICN,11:10CDG,+1일,"경유 1, 30시간 45분",성인/모든 결제수단,"편도 6,716,000원~"
2023-06-09,에미레이트항공,23:55ICN,13:30CDG,+1일,"경유 1, 20시간 35분",성인/현대 M2/M3 Edition2(이용실적 충족시),"편도 6,896,900원~"
2023-06-09,여러항공사,10:55ICN,22:00CDG,"경유 1, 18시간 05분",,성인/모든 결제수단,"편도 6,973,200원~"
2023-06-09,여러항공사,10:55ICN,08:35CDG,+1일,"경유 1, 28시간 40분",성인/모든 결제수단,"편도 6,973,200원~"
2023-06-09,일본항공대한항공 공동운항,20:30ICN,16:15CDG,+1일,"경유 1, 26시간 45분",성인/모든 결제수단,"편도 7,132,600원~"
2023-06-10,에미레이트항공,23:55ICN,13:30CDG,+1일,"경유 1, 20시간 35분",성인/현대 M2/M3 Edition2(이용실적 충족시),"편도 5,843,900원~"
2023-06-10,에미레이트항공,23:55ICN,20:00CDG,+1일,"경유 1, 27시간 05분",성인/현대 M2/M3 Edition2(이용실적 충족시),"편도 5,843,900원~"
2023-06-10,에미레이트항공,23:55ICN,09:25CDG,+2일,"경유 1, 40시간 30분",성인/현대 M2/M3 Edition2(이용실적 충족시),"편도 5,843,900원~"
2023-06-10,대한항공,12:20ICN,18:30CDG,"직항, 13시간 10분",,성인/현대 M2/M3 Edition2(이용실적 충족시),"편도 5,953,500원~"
2023-06-10,여러항공사,10:55ICN,22:00CDG,"경유 1, 18시간 05분",,성인/모든 결제수단,"편도 6,609,200원~"
2023-06-10,여러항공사,10:55ICN,22:50CDG,"경유 1, 18시간 55분",,성인/모든 결제수단,"편도 6,629,500원~"
2023-06-10,여러항공사Hop 공동운항,11:25ICN,08:35CDG,+1일,"경유 1, 28시간 10분",성인/모든 결제수단,"편도 6,716,000원~"
2023-06-10,여러항공사Hop 공동운항,11:25ICN,11:10CDG,+1일,"경유 1, 30시간 45분",성인/모든 결제수단,"편도 6,716,000원~"
2023-06-10,여러항공사Hop 공동운항,11:25ICN,13:35CDG,+1일,"경유 1, 33시간 10분",성인/모든 결제수단,"편도 7,020,200원~"
2023-06-10,일본항공대한항공 공동운항,20:30ICN,16:15CDG,+1일,"경유 1, 26시간 45분",성인/모든 결제수단,"편도 7,132,600원~"
2023-06-10,일본항공대한항공 공동운항,10:10ICN,16:15CDG,+1일,"경유 1, 37시간 05분",성인/모든 결제수단,"편도 7,147,300원~"
2023-06-12,에미레이트항공,23:55ICN,13:30CDG,+1일,"경유 1, 20시간 35분",성인/모든 결제수단,"편도 6,175,100원~"
2023-06-12,에미레이트항공,23:55ICN,20:00CDG,+1일,"경유 1, 27시간 05분",성인/모든 결제수단,"편도 6,175,100원~"
2023-06-12,에미레이트항공,23:55ICN,09:25CDG,+2일,"경유 1, 40시간 30분",성인/KB국민카드,"편도 6,249,700원~"
2023-06-12,대한항공,12:20ICN,18:30CDG,"직항, 13시간 10분",,성인/KB국민카드,"편도 6,454,800원~"
2023-06-13,에미레이트항공,23:55ICN,13:30CDG,+1일,"경유 1, 20시간 35분",성인/현대 M2/M3 Edition2(이용실적 충족시),"편도 5,843,900원~"
2023-06-13,에미레이트항공,23:55ICN,20:00CDG,+1일,"경유 1, 27시간 05분",성인/현대 M2/M3 Edition2(이용실적 충족시),"편도 5,843,900원~"
2023-06-13,에미레이트항공,23:55ICN,09:25CDG,+2일,"경유 1, 40시간 30분",성인/현대 M2/M3 Edition2(이용실적 충족시),"편도 5,843,900원~"
2023-06-13,대한항공,12:20ICN,18:30CDG,"직항, 13시간 10분",,성인/현대 M2/M3 Edition2(이용실적 충족시),"편도 5,953,500원~"
2023-06-13,대한항공,09:00ICN,15:30CDG,"직항, 13시간 30분",,성인/현대 M2/M3 Edition2(이용실적 충족시),"편도 5,953,500원~"
2023-06-13,에티하드항공,17:55ICN,07:45CDG,+1일,"경유 1, 20시간 50분",성인/모든 결제수단,"편도 6,217,700원~"
2023-06-13,여러항공사Hop 공동운항,11:25ICN,21:20CDG,"경유 1, 16시간 55분",,성인/모든 결제수단,"편도 6,628,600원~"
2023-06-13,여러항공사,10:55ICN,09:10CDG,+1일,"경유 1, 29시간 15분",성인/모든 결제수단,"편도 6,629,500원~"
2023-06-13,여러항공사,10:55ICN,11:00CDG,+1일,"경유 1, 31시간 05분",성인/모든 결제수단,"편도 6,629,500원~"
2023-06-13,여러항공사,10:55ICN,22:50CDG,"경유 1, 18시간 55분",,성인/모든 결제수단,"편도 6,629,500원~"
2023-06-13,여러항공사Hop 공동운항,11:25ICN,08:35CDG,+1일,"경유 1, 28시간 10분",성인/모든 결제수단,"편도 6,716,000원~"
2023-06-13,여러항공사Hop 공동운항,11:25ICN,11:10CDG,+1일,"경유 1, 30시간 45분",성인/모든 결제수단,"편도 6,716,000원~"
2023-06-13,여러항공사Hop 공동운항,11:25ICN,13:35CDG,+1일,"경유 1, 33시간 10분",성인/모든 결제수단,"편도 6,716,000원~"
2023-06-13,여러항공사,10:55ICN,11:20CDG,+1일,"경유 1, 31시간 25분",성인/모든 결제수단,"편도 6,973,200원~"
2023-06-13,여러항공사,10:55ICN,08:35CDG,+1일,"경유 1, 28시간 40분",성인/모든 결제수단,"편도 6,973,200원~"
2023-06-13,여러항공사,10:55ICN,13:50CDG,+1일,"경유 1, 33시간 55분",성인/모든 결제수단,"편도 6,973,200원~"
2023-06-13,일본항공대한항공 공동운항,20:30ICN,16:15CDG,+1일,"경유 1, 26시간 45분",성인/모든 결제수단,"편도 7,132,600원~"
2023-06-13,일본항공대한항공 공동운항,10:10ICN,16:15CDG,+1일,"경유 1, 37시간 05분",성인/모든 결제수단,"편도 7,147,300원~"
2023-06-14,에미레이트항공,23:55ICN,13:30CDG,+1일,"경유 1, 20시간 35분",성인/현대 M2/M3 Edition2(이용실적 충족시),"편도 5,843,900원~"
2023-06-14,에미레이트항공,23:55ICN,20:00CDG,+1일,"경유 1, 27시간 05분",성인/현대 M2/M3 Edition2(이용실적 충족시),"편도 5,843,900원~"
2023-06-14,에미레이트항공,23:55ICN,09:25CDG,+2일,"경유 1, 40시간 30분",성인/현대 M2/M3 Edition2(이용실적 충족시),"편도 5,843,900원~"
2023-06-14,대한항공,12:20ICN,18:30CDG,"직항, 13시간 10분",,성인/현대 M2/M3 Edition2(이용실적 충족시),"편도 5,953,500원~"
2023-06-15,에미레이트항공,23:55ICN,20:00CDG,+1일,"경유 1, 27시간 05분",성인/현대 M2/M3 Edition2(이용실적 충족시),"편도 5,843,900원~"
2023-06-15,에미레이트항공,23:55ICN,09:25CDG,+2일,"경유 1, 40시간 30분",성인/현대 M2/M3 Edition2(이용실적 충족시),"편도 5,843,900원~"
2023-06-15,대한항공,12:20ICN,18:30CDG,"직항, 13시간 10분",,성인/현대 M2/M3 Edition2(이용실적 충족시),"편도 5,953,500원~"
2023-06-15,여러항공사Hop 공동운항,11:25ICN,21:20CDG,"경유 1, 16시간 55분",,성인/모든 결제수단,"편도 6,628,600원~"
2023-06-16,에미레이트항공,23:55ICN,20:00CDG,+1일,"경유 1, 27시간 05분",성인/현대 M2/M3 Edition2(이용실적 충족시),"편도 5,843,900원~"
2023-06-16,에미레이트항공,23:55ICN,09:25CDG,+2일,"경유 1, 40시간 30분",성인/현대 M2/M3 Edition2(이용실적 충족시),"편도 5,843,900원~"
2023-06-16,여러항공사Hop 공동운항,11:25ICN,21:20CDG,"경유 1, 16시간 55분",,성인/모든 결제수단,"편도 6,628,600원~"
2023-06-17,여러항공사,10:55ICN,22:50CDG,"경유 1, 18시간 55분",,성인/모든 결제수단,"편도 6,629,500원~"
2023-06-17,여러항공사Hop 공동운항,11:25ICN,08:35CDG,+1일,"경유 1, 28시간 10분",성인/모든 결제수단,"편도 6,716,000원~"
2023-06-17,여러항공사Hop 공동운항,11:25ICN,11:10CDG,+1일,"경유 1, 30시간 45분",성인/모든 결제수단,"편도 6,716,000원~"
2023-06-17,에미레이트항공,23:55ICN,13:30CDG,+1일,"경유 1, 20시간 35분",성인/현대 M2/M3 Edition2(이용실적 충족시),"편도 6,896,900원~"
2023-06-17,에미레이트항공,23:55ICN,20:00CDG,+1일,"경유 1, 27시간 05분",성인/현대 M2/M3 Edition2(이용실적 충족시),"편도 6,896,900원~"
2023-06-17,에미레이트항공,23:55ICN,09:25CDG,+2일,"경유 1, 40시간 30분",성인/현대 M2/M3 Edition2(이용실적 충족시),"편도 6,896,900원~"
2023-06-17,여러항공사,10:55ICN,22:00CDG,"경유 1, 18시간 05분",,성인/모든 결제수단,"편도 6,973,200원~"
2023-06-17,여러항공사Hop 공동운항,11:25ICN,13:35CDG,+1일,"경유 1, 33시간 10분",성인/모든 결제수단,"편도 7,020,200원~"
2023-06-17,일본항공대한항공 공동운항,20:30ICN,16:15CDG,+1일,"경유 1, 26시간 45분",성인/모든 결제수단,"편도 7,132,600원~"
2023-06-17,일본항공대한항공 공동운항,10:10ICN,16:15CDG,+1일,"경유 1, 37시간 05분",성인/모든 결제수단,"편도 7,147,300원~"
2023-06-17,일본항공대한항공 공동운항,18:05ICN,16:15CDG,+1일,"경유 1, 29시간 10분",성인/모든 결제수단,"편도 7,147,300원~"
2023-06-17,여러항공사,11:25ICN,22:50CDG,"경유 2, 18시간 25분",,성인/모든 결제수단,"편도 7,368,400원~"
2023-06-18,에미레이트항공,23:55ICN,20:00CDG,+1일,"경유 1, 27시간 05분",성인/현대 M2/M3 Edition2(이용실적 충족시),"편도 5,843,900원~"
2023-06-18,에미레이트항공,23:55ICN,09:25CDG,+2일,"경유 1, 40시간 30분",성인/현대 M2/M3 Edition2(이용실적 충족시),"편도 5,843,900원~"
2023-06-18,에티하드항공,17:55ICN,07:45CDG,+1일,"경유 1, 20시간 50분",성인/모든 결제수단,"편도 6,217,700원~"
2023-06-18,여러항공사Hop 공동운항,11:25ICN,21:20CDG,"경유 1, 16시간 55분",,성인/모든 결제수단,"편도 6,628,600원~"
2023-06-18,여러항공사,10:55ICN,09:10CDG,+1일,"경유 1, 29시간 15분",성인/모든 결제수단,"편도 6,629,500원~"
2023-06-18,여러항공사,10:55ICN,22:50CDG,"경유 1, 18시간 55분",,성인/모든 결제수단,"편도 6,629,500원~"
2023-06-18,여러항공사,10:55ICN,08:35CDG,+1일,"경유 1, 28시간 40분",성인/모든 결제수단,"편도 6,669,000원~"
2023-06-18,여러항공사Hop 공동운항,11:25ICN,08:35CDG,+1일,"경유 1, 28시간 10분",성인/모든 결제수단,"편도 6,716,000원~"
2023-06-18,여러항공사Hop 공동운항,11:25ICN,11:10CDG,+1일,"경유 1, 30시간 45분",성인/모든 결제수단,"편도 6,716,000원~"
2023-06-18,에미레이트항공,23:55ICN,13:30CDG,+1일,"경유 1, 20시간 35분",성인/현대 M2/M3 Edition2(이용실적 충족시),"편도 6,896,900원~"
2023-06-18,여러항공사,10:55ICN,22:00CDG,"경유 1, 18시간 05분",,성인/모든 결제수단,"편도 6,973,200원~"
2023-06-18,일본항공대한항공 공동운항,20:30ICN,16:15CDG,+1일,"경유 1, 26시간 45분",성인/모든 결제수단,"편도 7,132,600원~"
2023-06-18,일본항공대한항공 공동운항,10:10ICN,16:15CDG,+1일,"경유 1, 37시간 05분",성인/모든 결제수단,"편도 7,147,300원~"
2023-06-18,일본항공대한항공 공동운항,18:05ICN,16:15CDG,+1일,"경유 1, 29시간 10분",성인/모든 결제수단,"편도 7,147,300원~"
2023-06-18,여러항공사,11:25ICN,13:35ORY,+1일,"경유 2, 33시간 10분",성인/모든 결제수단,"편도 7,289,700원~"
2023-06-18,여러항공사대한항공 공동운항,20:30ICN,20:45CDG,+1일,"경유 2, 31시간 15분",성인/모든 결제수단,"편도 7,888,300원~"
2023-06-19,에미레이트항공,23:55ICN,13:30CDG,+1일,"경유 1, 20시간 35분",성인/현대 M2/M3 Edition2(이용실적 충족시),"편도 6,896,900원~"
2023-06-19,에미레이트항공,23:55ICN,20:00CDG,+1일,"경유 1, 27시간 05분",성인/현대 M2/M3 Edition2(이용실적 충족시),"편도 6,896,900원~"
2023-06-19,에미레이트항공,23:55ICN,09:25CDG,+2일,"경유 1, 40시간 30분",성인/현대 M2/M3 Edition2(이용실적 충족시),"편도 6,896,900원~"
2023-06-19,여러항공사,10:55ICN,22:50CDG,"경유 1, 18시간 55분",,성인/모든 결제수단,"편도 6,933,700원~"
2023-06-19,여러항공사,10:55ICN,22:00CDG,"경유 1, 18시간 05분",,성인/모든 결제수단,"편도 6,973,200원~"
2023-06-19,일본항공대한항공 공동운항,20:30ICN,16:15CDG,+1일,"경유 1, 26시간 45분",성인/모든 결제수단,"편도 7,132,600원~"
2023-06-19,일본항공대한항공 공동운항,10:10ICN,16:15CDG,+1일,"경유 1, 37시간 05분",성인/모든 결제수단,"편도 7,147,300원~"
2023-06-19,일본항공대한항공 공동운항,18:05ICN,16:15CDG,+1일,"경유 1, 29시간 10분",성인/모든 결제수단,"편도 7,147,300원~"
2023-06-19,여러항공사,10:55ICN,16:40CDG,+1일,"경유 1, 36시간 45분",성인/모든 결제수단,"편도 7,269,700원~"
2023-06-20,에미레이트항공,23:55ICN,20:00CDG,+1일,"경유 1, 27시간 05분",성인/현대 M2/M3 Edition2(이용실적 충족시),"편도 5,843,900원~"
2023-06-20,에미레이트항공,23:55ICN,09:25CDG,+2일,"경유 1, 40시간 30분",성인/현대 M2/M3 Edition2(이용실적 충족시),"편도 5,843,900원~"
2023-06-20,대한항공,12:20ICN,18:30CDG,"직항, 13시간 10분",,성인/현대 M2/M3 Edition2(이용실적 충족시),"편도 5,953,500원~"
2023-06-20,대한항공,09:00ICN,15:30CDG,"직항, 13시간 30분",,성인/현대 M2/M3 Edition2(이용실적 충족시),"편도 5,953,500원~"
2023-06-20,에티하드항공,17:55ICN,07:45CDG,+1일,"경유 1, 20시간 50분",성인/모든 결제수단,"편도 6,217,700원~"
2023-06-21,에미레이트항공,23:55ICN,13:30CDG,+1일,"경유 1, 20시간 35분",성인/현대 M2/M3 Edition2(이용실적 충족시),"편도 5,843,900원~"
2023-06-21,에미레이트항공,23:55ICN,20:00CDG,+1일,"경유 1, 27시간 05분",성인/현대 M2/M3 Edition2(이용실적 충족시),"편도 5,843,900원~"
2023-06-21,에미레이트항공,23:55ICN,09:25CDG,+2일,"경유 1, 40시간 30분",성인/현대 M2/M3 Edition2(이용실적 충족시),"편도 5,843,900원~"
2023-06-22,에미레이트항공,23:55ICN,20:00CDG,+1일,"경유 1, 27시간 05분",성인/현대 M2/M3 Edition2(이용실적 충족시),"편도 5,843,900원~"
2023-06-22,에미레이트항공,23:55ICN,09:25CDG,+2일,"경유 1, 40시간 30분",성인/현대 M2/M3 Edition2(이용실적 충족시),"편도 5,843,900원~"
2023-06-22,여러항공사Hop 공동운항,11:25ICN,21:20CDG,"경유 1, 16시간 55분",,성인/모든 결제수단,"편도 6,628,600원~"
2023-06-23,에미레이트항공,23:55ICN,13:30CDG,+1일,"경유 1, 20시간 35분",성인/현대 M2/M3 Edition2(이용실적 충족시),"편도 5,843,900원~"
2023-06-23,에미레이트항공,23:55ICN,20:00CDG,+1일,"경유 1, 27시간 05분",성인/현대 M2/M3 Edition2(이용실적 충족시),"편도 5,843,900원~"
2023-06-23,에미레이트항공,23:55ICN,09:25CDG,+2일,"경유 1, 40시간 30분",성인/현대 M2/M3 Edition2(이용실적 충족시),"편도 5,843,900원~"
2023-06-23,대한항공,12:20ICN,18:30CDG,"직항, 13시간 10분",,성인/현대 M2/M3 Edition2(이용실적 충족시),"편도 5,953,500원~"
2023-06-24,에미레이트항공,23:55ICN,09:25CDG,+2일,"경유 1, 40시간 30분",성인/현대 M2/M3 Edition2(이용실적 충족시),"편도 5,843,900원~"
2023-06-24,대한항공,12:20ICN,18:30CDG,"직항, 13시간 10분",,성인/현대 M2/M3 Edition2(이용실적 충족시),"편도 5,953,500원~"
2023-06-24,여러항공사,10:55ICN,22:50CDG,"경유 1, 18시간 55분",,성인/모든 결제수단,"편도 6,629,500원~"
2023-06-24,여러항공사Hop 공동운항,11:25ICN,08:35CDG,+1일,"경유 1, 28시간 10분",성인/모든 결제수단,"편도 6,716,000원~"
2023-06-24,여러항공사Hop 공동운항,11:25ICN,11:10CDG,+1일,"경유 1, 30시간 45분",성인/모든 결제수단,"편도 6,716,000원~"
2023-06-24,에미레이트항공,23:55ICN,13:30CDG,+1일,"경유 1, 20시간 35분",성인/현대 M2/M3 Edition2(이용실적 충족시),"편도 6,896,900원~"
2023-06-24,에미레이트항공,23:55ICN,20:00CDG,+1일,"경유 1, 27시간 05분",성인/현대 M2/M3 Edition2(이용실적 충족시),"편도 6,896,900원~"
2023-06-25,에미레이트항공,23:55ICN,13:30CDG,+1일,"경유 1, 20시간 35분",성인/현대 M2/M3 Edition2(이용실적 충족시),"편도 5,843,900원~"
2023-06-25,에미레이트항공,23:55ICN,20:00CDG,+1일,"경유 1, 27시간 05분",성인/현대 M2/M3 Edition2(이용실적 충족시),"편도 5,843,900원~"
2023-06-25,에미레이트항공,23:55ICN,09:25CDG,+2일,"경유 1, 40시간 30분",성인/현대 M2/M3 Edition2(이용실적 충족시),"편도 5,843,900원~"
2023-06-25,대한항공,12:20ICN,18:30CDG,"직항, 13시간 10분",,성인/현대 M2/M3 Edition2(이용실적 충족시),"편도 5,953,500원~"
2023-06-26,에미레이트항공,23:55ICN,13:30CDG,+1일,"경유 1, 20시간 35분",성인/현대 M2/M3 Edition2(이용실적 충족시),"편도 5,843,900원~"
2023-06-26,에미레이트항공,23:55ICN,20:00CDG,+1일,"경유 1, 27시간 05분",성인/현대 M2/M3 Edition2(이용실적 충족시),"편도 5,843,900원~"
2023-06-26,에미레이트항공,23:55ICN,09:25CDG,+2일,"경유 1, 40시간 30분",성인/현대 M2/M3 Edition2(이용실적 충족시),"편도 5,843,900원~"
2023-06-26,대한항공,12:20ICN,18:30CDG,"직항, 13시간 10분",,성인/현대 M2/M3 Edition2(이용실적 충족시),"편도 5,953,500원~"
2023-06-26,에티하드항공,17:55ICN,07:45CDG,+1일,"경유 1, 20시간 50분",성인/모든 결제수단,"편도 6,217,700원~"
2023-06-27,에미레이트항공,23:55ICN,13:30CDG,+1일,"경유 1, 20시간 35분",성인/현대 M2/M3 Edition2(이용실적 충족시),"편도 5,843,900원~"
2023-06-27,에미레이트항공,23:55ICN,20:00CDG,+1일,"경유 1, 27시간 05분",성인/현대 M2/M3 Edition2(이용실적 충족시),"편도 5,843,900원~"
2023-06-27,에미레이트항공,23:55ICN,09:25CDG,+2일,"경유 1, 40시간 30분",성인/현대 M2/M3 Edition2(이용실적 충족시),"편도 5,843,900원~"
2023-06-27,대한항공,12:20ICN,18:30CDG,"직항, 13시간 10분",,성인/현대 M2/M3 Edition2(이용실적 충족시),"편도 5,953,500원~"
2023-06-27,대한항공,09:00ICN,15:30CDG,"직항, 13시간 30분",,성인/현대 M2/M3 Edition2(이용실적 충족시),"편도 5,953,500원~"
2023-06-27,여러항공사Hop 공동운항,11:25ICN,21:20CDG,"경유 1, 16시간 55분",,성인/모든 결제수단,"편도 6,628,600원~"
2023-06-27,여러항공사,10:55ICN,22:50CDG,"경유 1, 18시간 55분",,성인/모든 결제수단,"편도 6,629,500원~"
2023-06-27,여러항공사Hop 공동운항,11:25ICN,08:35CDG,+1일,"경유 1, 28시간 10분",성인/모든 결제수단,"편도 6,716,000원~"
2023-06-27,여러항공사Hop 공동운항,11:25ICN,11:10CDG,+1일,"경유 1, 30시간 45분",성인/모든 결제수단,"편도 6,716,000원~"
2023-06-27,여러항공사Hop 공동운항,11:25ICN,13:35CDG,+1일,"경유 1, 33시간 10분",성인/모든 결제수단,"편도 6,716,000원~"
2023-06-27,여러항공사,10:55ICN,08:35CDG,+1일,"경유 1, 28시간 40분",성인/모든 결제수단,"편도 6,973,200원~"
2023-06-27,여러항공사,10:55ICN,11:20CDG,+1일,"경유 1, 31시간 25분",성인/모든 결제수단,"편도 6,973,200원~"
2023-06-27,여러항공사,10:55ICN,13:50CDG,+1일,"경유 1, 33시간 55분",성인/모든 결제수단,"편도 6,973,200원~"
2023-06-27,일본항공대한항공 공동운항,20:30ICN,16:15CDG,+1일,"경유 1, 26시간 45분",성인/모든 결제수단,"편도 7,132,600원~"
2023-06-27,일본항공대한항공 공동운항,10:10ICN,16:15CDG,+1일,"경유 1, 37시간 05분",성인/모든 결제수단,"편도 7,147,300원~"
2023-06-27,일본항공대한항공 공동운항,18:05ICN,16:15CDG,+1일,"경유 1, 29시간 10분",성인/모든 결제수단,"편도 7,147,300원~"
2023-06-28,에미레이트항공,23:55ICN,13:30CDG,+1일,"경유 1, 20시간 35분",성인/현대 M2/M3 Edition2(이용실적 충족시),"편도 5,843,900원~"
2023-06-28,에미레이트항공,23:55ICN,20:00CDG,+1일,"경유 1, 27시간 05분",성인/현대 M2/M3 Edition2(이용실적 충족시),"편도 5,843,900원~"
2023-06-28,에미레이트항공,23:55ICN,09:25CDG,+2일,"경유 1, 40시간 30분",성인/현대 M2/M3 Edition2(이용실적 충족시),"편도 5,843,900원~"
2023-06-28,대한항공,12:20ICN,18:30CDG,"직항, 13시간 10분",,성인/현대 M2/M3 Edition2(이용실적 충족시),"편도 5,953,500원~"
2023-06-29,에미레이트항공,23:55ICN,13:30CDG,+1일,"경유 1, 20시간 35분",성인/현대 M2/M3 Edition2(이용실적 충족시),"편도 5,843,900원~"
2023-06-29,에미레이트항공,23:55ICN,20:00CDG,+1일,"경유 1, 27시간 05분",성인/현대 M2/M3 Edition2(이용실적 충족시),"편도 5,843,900원~"
2023-06-29,에미레이트항공,23:55ICN,09:25CDG,+2일,"경유 1, 40시간 30분",성인/현대 M2/M3 Edition2(이용실적 충족시),"편도 5,843,900원~"
2023-06-29,대한항공,12:20ICN,18:30CDG,"직항, 13시간 10분",,성인/현대 M2/M3 Edition2(이용실적 충족시),"편도 5,953,500원~"
2023-06-29,에티하드항공,17:55ICN,07:45CDG,+1일,"경유 1, 20시간 50분",성인/모든 결제수단,"편도 6,217,700원~"
2023-06-30,에미레이트항공,23:55ICN,20:00CDG,+1일,"경유 1, 27시간 05분",성인/현대 M2/M3 Edition2(이용실적 충족시),"편도 5,843,900원~"
2023-06-30,에미레이트항공,23:55ICN,09:25CDG,+2일,"경유 1, 40시간 30분",성인/현대 M2/M3 Edition2(이용실적 충족시),"편도 5,843,900원~"
2023-06-30,대한항공,12:20ICN,18:30CDG,"직항, 13시간 10분",,성인/현대 M2/M3 Edition2(이용실적 충족시),"편도 5,953,500원~"
2023-06-30,여러항공사Hop 공동운항,11:25ICN,21:20CDG,"경유 1, 16시간 55분",,성인/모든 결제수단,"편도 6,628,600원~"
2023-07-01,에미레이트항공,23:55ICN,13:30CDG,+1일,"경유 1, 20시간 35분",성인/현대 M2/M3 Edition2(이용실적 충족시),"편도 5,843,900원~"
2023-07-01,에미레이트항공,23:55ICN,20:00CDG,+1일,"경유 1, 27시간 05분",성인/현대 M2/M3 Edition2(이용실적 충족시),"편도 5,843,900원~"
2023-07-01,에미레이트항공,23:55ICN,09:25CDG,+2일,"경유 1, 40시간 30분",성인/현대 M2/M3 Edition2(이용실적 충족시),"편도 5,843,900원~"
2023-07-01,대한항공,12:20ICN,18:30CDG,"직항, 13시간 10분",,성인/현대 M2/M3 Edition2(이용실적 충족시),"편도 5,953,500원~"
2023-07-02,에미레이트항공,23:55ICN,13:30CDG,+1일,"경유 1, 20시간 35분",성인/현대 M2/M3 Edition2(이용실적 충족시),"편도 5,843,900원~"
2023-07-02,에미레이트항공,23:55ICN,20:00CDG,+1일,"경유 1, 27시간 05분",성인/현대 M2/M3 Edition2(이용실적 충족시),"편도 5,843,900원~"
2023-07-02,에미레이트항공,23:55ICN,09:25CDG,+2일,"경유 1, 40시간 30분",성인/현대 M2/M3 Edition2(이용실적 충족시),"편도 5,843,900원~"
2023-07-02,대한항공,12:20ICN,18:30CDG,"직항, 13시간 10분",,성인/현대 M2/M3 Edition2(이용실적 충족시),"편도 5,953,500원~"
2023-07-02,여러항공사Hop 공동운항,11:25ICN,21:20CDG,"경유 1, 16시간 55분",,성인/모든 결제수단,"편도 6,628,600원~"
2023-07-02,여러항공사,10:55ICN,09:10CDG,+1일,"경유 1, 29시간 15분",성인/모든 결제수단,"편도 6,629,500원~"
2023-07-02,여러항공사,10:55ICN,11:20CDG,+1일,"경유 1, 31시간 25분",성인/모든 결제수단,"편도 6,669,000원~"
2023-07-02,여러항공사Hop 공동운항,11:25ICN,08:35CDG,+1일,"경유 1, 28시간 10분",성인/모든 결제수단,"편도 6,716,000원~"
2023-07-02,여러항공사Hop 공동운항,11:25ICN,11:10CDG,+1일,"경유 1, 30시간 45분",성인/모든 결제수단,"편도 6,716,000원~"
2023-07-02,여러항공사,10:55ICN,08:35CDG,+1일,"경유 1, 28시간 40분",성인/모든 결제수단,"편도 6,973,200원~"
2023-07-02,여러항공사,10:55ICN,22:00CDG,"경유 1, 18시간 05분",,성인/모든 결제수단,"편도 6,973,200원~"
2023-07-02,일본항공대한항공 공동운항,20:30ICN,16:15CDG,+1일,"경유 1, 26시간 45분",성인/모든 결제수단,"편도 7,132,600원~"
2023-07-02,일본항공대한항공 공동운항,10:10ICN,16:15CDG,+1일,"경유 1, 37시간 05분",성인/모든 결제수단,"편도 7,147,300원~"
2023-07-02,일본항공대한항공 공동운항,18:05ICN,16:15CDG,+1일,"경유 1, 29시간 10분",성인/모든 결제수단,"편도 7,147,300원~"
2023-07-02,여러항공사,10:55ICN,17:25CDG,+1일,"경유 1, 37시간 30분",성인/모든 결제수단,"편도 7,269,700원~"
2023-07-03,에미레이트항공,23:55ICN,13:30CDG,+1일,"경유 1, 20시간 35분",성인/현대 M2/M3 Edition2(이용실적 충족시),"편도 5,843,900원~"
2023-07-03,에미레이트항공,23:55ICN,20:00CDG,+1일,"경유 1, 27시간 05분",성인/현대 M2/M3 Edition2(이용실적 충족시),"편도 5,843,900원~"
2023-07-03,에미레이트항공,23:55ICN,09:25CDG,+2일,"경유 1, 40시간 30분",성인/현대 M2/M3 Edition2(이용실적 충족시),"편도 5,843,900원~"
2023-07-03,여러항공사Hop 공동운항,11:25ICN,21:20CDG,"경유 1, 16시간 55분",,성인/모든 결제수단,"편도 6,628,600원~"
2023-07-03,여러항공사,10:55ICN,09:20CDG,+1일,"경유 1, 29시간 25분",성인/모든 결제수단,"편도 6,629,500원~"
2023-07-03,여러항공사,10:55ICN,22:00CDG,"경유 1, 18시간 05분",,성인/모든 결제수단,"편도 6,669,000원~"
2023-07-03,여러항공사Hop 공동운항,11:25ICN,08:35CDG,+1일,"경유 1, 28시간 10분",성인/모든 결제수단,"편도 6,716,000원~"
2023-07-03,여러항공사Hop 공동운항,11:25ICN,11:10CDG,+1일,"경유 1, 30시간 45분",성인/모든 결제수단,"편도 6,716,000원~"
2023-07-03,여러항공사,10:55ICN,08:35CDG,+1일,"경유 1, 28시간 40분",성인/모든 결제수단,"편도 6,973,200원~"
2023-07-03,일본항공대한항공 공동운항,20:30ICN,16:15CDG,+1일,"경유 1, 26시간 45분",성인/모든 결제수단,"편도 7,132,600원~"
2023-07-03,일본항공대한항공 공동운항,10:10ICN,16:15CDG,+1일,"경유 1, 37시간 05분",성인/모든 결제수단,"편도 7,147,300원~"
2023-07-03,일본항공대한항공 공동운항,18:05ICN,16:15CDG,+1일,"경유 1, 29시간 10분",성인/모든 결제수단,"편도 7,147,300원~"
2023-07-03,여러항공사,10:55ICN,16:40CDG,+1일,"경유 1, 36시간 45분",성인/모든 결제수단,"편도 7,269,700원~"
2023-07-03,여러항공사,10:55ICN,13:20CDG,+1일,"경유 1, 33시간 25분",성인/모든 결제수단,"편도 7,269,700원~"
2023-07-04,에미레이트항공,23:55ICN,13:30CDG,+1일,"경유 1, 20시간 35분",성인/현대 M2/M3 Edition2(이용실적 충족시),"편도 5,843,900원~"
2023-07-04,에미레이트항공,23:55ICN,20:00CDG,+1일,"경유 1, 27시간 05분",성인/현대 M2/M3 Edition2(이용실적 충족시),"편도 5,843,900원~"
2023-07-04,에미레이트항공,23:55ICN,09:25CDG,+2일,"경유 1, 40시간 30분",성인/현대 M2/M3 Edition2(이용실적 충족시),"편도 5,843,900원~"
2023-07-04,대한항공,12:20ICN,18:30CDG,"직항, 13시간 10분",,성인/현대 M2/M3 Edition2(이용실적 충족시),"편도 5,953,500원~"
2023-07-04,대한항공,09:00ICN,15:30CDG,"직항, 13시간 30분",,성인/현대 M2/M3 Edition2(이용실적 충족시),"편도 5,953,500원~"
2023-07-05,에미레이트항공,23:55ICN,13:30CDG,+1일,"경유 1, 20시간 35분",성인/현대 M2/M3 Edition2(이용실적 충족시),"편도 5,843,900원~"
2023-07-05,에미레이트항공,23:55ICN,20:00CDG,+1일,"경유 1, 27시간 05분",성인/현대 M2/M3 Edition2(이용실적 충족시),"편도 5,843,900원~"
2023-07-05,에미레이트항공,23:55ICN,09:25CDG,+2일,"경유 1, 40시간 30분",성인/현대 M2/M3 Edition2(이용실적 충족시),"편도 5,843,900원~"
2023-07-05,대한항공,12:20ICN,18:30CDG,"직항, 13시간 10분",,성인/현대 M2/M3 Edition2(이용실적 충족시),"편도 5,953,500원~"
2023-07-06,에미레이트항공,23:55ICN,13:30CDG,+1일,"경유 1, 20시간 35분",성인/현대 M2/M3 Edition2(이용실적 충족시),"편도 5,843,900원~"
2023-07-06,에미레이트항공,23:55ICN,20:00CDG,+1일,"경유 1, 27시간 05분",성인/현대 M2/M3 Edition2(이용실적 충족시),"편도 5,843,900원~"
2023-07-06,에미레이트항공,23:55ICN,09:25CDG,+2일,"경유 1, 40시간 30분",성인/현대 M2/M3 Edition2(이용실적 충족시),"편도 5,843,900원~"
2023-07-06,대한항공,12:20ICN,18:30CDG,"직항, 13시간 10분",,성인/현대 M2/M3 Edition2(이용실적 충족시),"편도 5,953,500원~"
2023-07-07,에미레이트항공,23:55ICN,13:30CDG,+1일,"경유 1, 20시간 35분",성인/현대 M2/M3 Edition2(이용실적 충족시),"편도 5,843,900원~"
2023-07-07,에미레이트항공,23:55ICN,20:00CDG,+1일,"경유 1, 27시간 05분",성인/현대 M2/M3 Edition2(이용실적 충족시),"편도 5,843,900원~"
2023-07-07,에미레이트항공,23:55ICN,09:25CDG,+2일,"경유 1, 40시간 30분",성인/현대 M2/M3 Edition2(이용실적 충족시),"편도 5,843,900원~"
2023-07-07,대한항공,12:20ICN,18:30CDG,"직항, 13시간 10분",,성인/현대 M2/M3 Edition2(이용실적 충족시),"편도 5,953,500원~"
2023-07-07,여러항공사Hop 공동운항,11:25ICN,21:20CDG,"경유 1, 16시간 55분",,성인/모든 결제수단,"편도 6,628,600원~"
2023-07-07,여러항공사,10:55ICN,09:35CDG,+1일,"경유 1, 29시간 40분",성인/모든 결제수단,"편도 6,629,500원~"
2023-07-07,여러항공사Hop 공동운항,11:25ICN,08:35CDG,+1일,"경유 1, 28시간 10분",성인/모든 결제수단,"편도 6,716,000원~"
2023-07-07,여러항공사,10:55ICN,11:20CDG,+1일,"경유 1, 31시간 25분",성인/모든 결제수단,"편도 6,973,200원~"
2023-07-07,여러항공사,10:55ICN,22:00CDG,"경유 1, 18시간 05분",,성인/모든 결제수단,"편도 6,973,200원~"
2023-07-07,여러항공사,10:55ICN,08:35CDG,+1일,"경유 1, 28시간 40분",성인/모든 결제수단,"편도 6,973,200원~"
2023-07-07,일본항공대한항공 공동운항,20:30ICN,16:15CDG,+1일,"경유 1, 26시간 45분",성인/모든 결제수단,"편도 7,132,600원~"
2023-07-07,일본항공대한항공 공동운항,10:10ICN,16:15CDG,+1일,"경유 1, 37시간 05분",성인/모든 결제수단,"편도 7,147,300원~"
2023-07-07,일본항공대한항공 공동운항,18:05ICN,16:15CDG,+1일,"경유 1, 29시간 10분",성인/모든 결제수단,"편도 7,147,300원~"
2023-07-08,에미레이트항공,23:55ICN,13:30CDG,+1일,"경유 1, 20시간 35분",성인/현대 M2/M3 Edition2(이용실적 충족시),"편도 5,843,900원~"
2023-07-08,에미레이트항공,23:55ICN,20:00CDG,+1일,"경유 1, 27시간 05분",성인/현대 M2/M3 Edition2(이용실적 충족시),"편도 5,843,900원~"
2023-07-08,에미레이트항공,23:55ICN,09:25CDG,+2일,"경유 1, 40시간 30분",성인/현대 M2/M3 Edition2(이용실적 충족시),"편도 5,843,900원~"
2023-07-08,대한항공,12:20ICN,18:30CDG,"직항, 13시간 10분",,성인/현대 M2/M3 Edition2(이용실적 충족시),"편도 5,953,500원~"
2023-07-08,여러항공사,10:55ICN,09:45CDG,+1일,"경유 1, 29시간 50분",성인/모든 결제수단,"편도 6,629,500원~"
2023-07-08,여러항공사Hop 공동운항,11:25ICN,08:35CDG,+1일,"경유 1, 28시간 10분",성인/모든 결제수단,"편도 6,716,000원~"
2023-07-08,여러항공사,10:55ICN,08:35CDG,+1일,"경유 1, 28시간 40분",성인/모든 결제수단,"편도 6,973,200원~"
2023-07-08,여러항공사,10:55ICN,13:50CDG,+1일,"경유 1, 33시간 55분",성인/모든 결제수단,"편도 6,973,200원~"
2023-07-08,여러항공사,10:55ICN,11:20CDG,+1일,"경유 1, 31시간 25분",성인/모든 결제수단,"편도 6,973,200원~"
2023-07-08,여러항공사이베리아익스프레스 공동운항,11:25ICN,16:05CDG,+1일,"경유 2, 35시간 40분",성인/모든 결제수단,"편도 7,289,700원~"
2023-07-09,에미레이트항공,23:55ICN,13:30CDG,+1일,"경유 1, 20시간 35분",성인/현대 M2/M3 Edition2(이용실적 충족시),"편도 5,843,900원~"
2023-07-09,에미레이트항공,23:55ICN,20:00CDG,+1일,"경유 1, 27시간 05분",성인/현대 M2/M3 Edition2(이용실적 충족시),"편도 5,843,900원~"
2023-07-09,에미레이트항공,23:55ICN,09:25CDG,+2일,"경유 1, 40시간 30분",성인/현대 M2/M3 Edition2(이용실적 충족시),"편도 5,843,900원~"
2023-07-09,대한항공,12:20ICN,18:30CDG,"직항, 13시간 10분",,성인/현대 M2/M3 Edition2(이용실적 충족시),"편도 5,953,500원~"
2023-07-09,여러항공사Hop 공동운항,11:25ICN,20:45CDG,"경유 1, 16시간 20분",,성인/모든 결제수단,"편도 6,628,600원~"
2023-07-09,여러항공사,10:55ICN,08:35CDG,+1일,"경유 1, 28시간 40분",성인/모든 결제수단,"편도 6,669,000원~"
2023-07-09,여러항공사,10:55ICN,11:20CDG,+1일,"경유 1, 31시간 25분",성인/모든 결제수단,"편도 6,669,000원~"
2023-07-09,여러항공사Hop 공동운항,11:25ICN,08:35CDG,+1일,"경유 1, 28시간 10분",성인/모든 결제수단,"편도 6,716,000원~"
2023-07-09,여러항공사Hop 공동운항,11:25ICN,11:10CDG,+1일,"경유 1, 30시간 45분",성인/모든 결제수단,"편도 6,716,000원~"
2023-07-09,여러항공사,10:55ICN,13:50CDG,+1일,"경유 1, 33시간 55분",성인/모든 결제수단,"편도 6,973,200원~"
2023-07-09,여러항공사,10:55ICN,15:35CDG,+1일,"경유 1, 35시간 40분",성인/모든 결제수단,"편도 7,269,700원~"
2023-07-09,여러항공사,10:55ICN,17:25CDG,+1일,"경유 1, 37시간 30분",성인/모든 결제수단,"편도 7,269,700원~"
2023-07-10,에미레이트항공,23:55ICN,13:30CDG,+1일,"경유 1, 20시간 35분",성인/현대 M2/M3 Edition2(이용실적 충족시),"편도 5,843,900원~"
2023-07-10,에미레이트항공,23:55ICN,20:00CDG,+1일,"경유 1, 27시간 05분",성인/현대 M2/M3 Edition2(이용실적 충족시),"편도 5,843,900원~"
2023-07-10,에미레이트항공,23:55ICN,09:25CDG,+2일,"경유 1, 40시간 30분",성인/현대 M2/M3 Edition2(이용실적 충족시),"편도 5,843,900원~"
2023-07-10,대한항공,12:20ICN,18:30CDG,"직항, 13시간 10분",,성인/현대 M2/M3 Edition2(이용실적 충족시),"편도 5,953,500원~"
2023-07-10,여러항공사Hop 공동운항,11:25ICN,21:20CDG,"경유 1, 16시간 55분",,성인/모든 결제수단,"편도 6,628,600원~"
2023-07-10,여러항공사,10:55ICN,09:20CDG,+1일,"경유 1, 29시간 25분",성인/모든 결제수단,"편도 6,629,500원~"
2023-07-10,여러항공사,10:55ICN,11:00CDG,+1일,"경유 1, 31시간 05분",성인/모든 결제수단,"편도 6,629,500원~"
2023-07-10,여러항공사,10:55ICN,08:35CDG,+1일,"경유 1, 28시간 40분",성인/모든 결제수단,"편도 6,686,100원~"
2023-07-10,여러항공사Hop 공동운항,11:25ICN,08:35CDG,+1일,"경유 1, 28시간 10분",성인/모든 결제수단,"편도 6,716,000원~"
2023-07-10,여러항공사Hop 공동운항,11:25ICN,11:10CDG,+1일,"경유 1, 30시간 45분",성인/모든 결제수단,"편도 6,716,000원~"
2023-07-10,일본항공대한항공 공동운항,20:30ICN,16:15CDG,+1일,"경유 1, 26시간 45분",성인/모든 결제수단,"편도 7,132,600원~"
2023-07-10,일본항공대한항공 공동운항,10:10ICN,16:15CDG,+1일,"경유 1, 37시간 05분",성인/모든 결제수단,"편도 7,147,300원~"
2023-07-10,일본항공대한항공 공동운항,18:05ICN,16:15CDG,+1일,"경유 1, 29시간 10분",성인/모든 결제수단,"편도 7,147,300원~"
2023-07-10,여러항공사,10:55ICN,13:20CDG,+1일,"경유 1, 33시간 25분",성인/모든 결제수단,"편도 7,269,700원~"
2023-07-11,에미레이트항공,23:55ICN,13:30CDG,+1일,"경유 1, 20시간 35분",성인/현대 M2/M3 Edition2(이용실적 충족시),"편도 5,843,900원~"
2023-07-11,에미레이트항공,23:55ICN,20:00CDG,+1일,"경유 1, 27시간 05분",성인/현대 M2/M3 Edition2(이용실적 충족시),"편도 5,843,900원~"
2023-07-11,에미레이트항공,23:55ICN,09:25CDG,+2일,"경유 1, 40시간 30분",성인/현대 M2/M3 Edition2(이용실적 충족시),"편도 5,843,900원~"
2023-07-11,대한항공,12:20ICN,18:30CDG,"직항, 13시간 10분",,성인/현대 M2/M3 Edition2(이용실적 충족시),"편도 5,953,500원~"
2023-07-11,대한항공,09:00ICN,15:30CDG,"직항, 13시간 30분",,성인/현대 M2/M3 Edition2(이용실적 충족시),"편도 5,953,500원~"
2023-07-11,여러항공사Hop 공동운항,11:25ICN,21:20CDG,"경유 1, 16시간 55분",,성인/모든 결제수단,"편도 6,628,600원~"
2023-07-11,여러항공사,10:55ICN,09:10CDG,+1일,"경유 1, 29시간 15분",성인/모든 결제수단,"편도 6,629,500원~"
2023-07-11,여러항공사,10:55ICN,11:00CDG,+1일,"경유 1, 31시간 05분",성인/모든 결제수단,"편도 6,629,500원~"
2023-07-11,여러항공사,10:55ICN,13:25CDG,+1일,"경유 1, 33시간 30분",성인/모든 결제수단,"편도 6,629,500원~"
2023-07-11,여러항공사Hop 공동운항,11:25ICN,08:35CDG,+1일,"경유 1, 28시간 10분",성인/모든 결제수단,"편도 6,716,000원~"
2023-07-11,여러항공사Hop 공동운항,11:25ICN,11:10CDG,+1일,"경유 1, 30시간 45분",성인/모든 결제수단,"편도 6,716,000원~"
2023-07-11,여러항공사,10:55ICN,13:50CDG,+1일,"경유 1, 33시간 55분",성인/모든 결제수단,"편도 6,973,200원~"
2023-07-11,여러항공사,10:55ICN,11:20CDG,+1일,"경유 1, 31시간 25분",성인/모든 결제수단,"편도 6,973,200원~"
2023-07-11,여러항공사,10:55ICN,08:35CDG,+1일,"경유 1, 28시간 40분",성인/모든 결제수단,"편도 6,973,200원~"
2023-07-11,일본항공대한항공 공동운항,20:30ICN,16:15CDG,+1일,"경유 1, 26시간 45분",성인/모든 결제수단,"편도 7,132,600원~"
2023-07-11,일본항공대한항공 공동운항,10:10ICN,16:15CDG,+1일,"경유 1, 37시간 05분",성인/모든 결제수단,"편도 7,147,300원~"
2023-07-11,일본항공대한항공 공동운항,18:05ICN,16:15CDG,+1일,"경유 1, 29시간 10분",성인/모든 결제수단,"편도 7,147,300원~"
2023-07-11,중국동방항공,12:55ICN,06:30CDG,+1일,"경유 1, 24시간 35분",성인/현대 M2/M3 Edition2(이용실적 충족시),"편도 7,907,300원~"
2023-07-12,에미레이트항공,23:55ICN,13:30CDG,+1일,"경유 1, 20시간 35분",성인/현대 M2/M3 Edition2(이용실적 충족시),"편도 5,843,900원~"
2023-07-12,에미레이트항공,23:55ICN,20:00CDG,+1일,"경유 1, 27시간 05분",성인/현대 M2/M3 Edition2(이용실적 충족시),"편도 5,843,900원~"
2023-07-12,에미레이트항공,23:55ICN,09:25CDG,+2일,"경유 1, 40시간 30분",성인/현대 M2/M3 Edition2(이용실적 충족시),"편도 5,843,900원~"
2023-07-12,대한항공,12:20ICN,18:30CDG,"직항, 13시간 10분",,성인/현대 M2/M3 Edition2(이용실적 충족시),"편도 5,953,500원~"
2023-07-13,에미레이트항공,23:55ICN,13:30CDG,+1일,"경유 1, 20시간 35분",성인/현대 M2/M3 Edition2(이용실적 충족시),"편도 5,843,900원~"
2023-07-13,에미레이트항공,23:55ICN,20:00CDG,+1일,"경유 1, 27시간 05분",성인/현대 M2/M3 Edition2(이용실적 충족시),"편도 5,843,900원~"
2023-07-13,에미레이트항공,23:55ICN,09:25CDG,+2일,"경유 1, 40시간 30분",성인/현대 M2/M3 Edition2(이용실적 충족시),"편도 5,843,900원~"
2023-07-13,대한항공,12:20ICN,18:30CDG,"직항, 13시간 10분",,성인/현대 M2/M3 Edition2(이용실적 충족시),"편도 5,953,500원~"
2023-07-13,여러항공사Hop 공동운항,11:25ICN,21:20CDG,"경유 1, 16시간 55분",,성인/모든 결제수단,"편도 6,628,600원~"
2023-07-13,여러항공사,10:55ICN,09:20CDG,+1일,"경유 1, 29시간 25분",성인/모든 결제수단,"편도 6,629,500원~"
2023-07-13,여러항공사,10:55ICN,11:20CDG,+1일,"경유 1, 31시간 25분",성인/모든 결제수단,"편도 6,669,000원~"
2023-07-13,여러항공사Hop 공동운항,11:25ICN,08:35CDG,+1일,"경유 1, 28시간 10분",성인/모든 결제수단,"편도 6,716,000원~"
2023-07-13,여러항공사,10:55ICN,13:50CDG,+1일,"경유 1, 33시간 55분",성인/모든 결제수단,"편도 6,973,200원~"
2023-07-13,여러항공사,10:55ICN,08:35CDG,+1일,"경유 1, 28시간 40분",성인/모든 결제수단,"편도 6,973,200원~"
2023-07-13,여러항공사Hop 공동운항,11:25ICN,11:10CDG,+1일,"경유 1, 30시간 45분",성인/모든 결제수단,"편도 7,020,200원~"
2023-07-14,에미레이트항공,23:55ICN,13:30CDG,+1일,"경유 1, 20시간 35분",성인/현대 M2/M3 Edition2(이용실적 충족시),"편도 5,843,900원~"
2023-07-14,에미레이트항공,23:55ICN,20:00CDG,+1일,"경유 1, 27시간 05분",성인/현대 M2/M3 Edition2(이용실적 충족시),"편도 5,843,900원~"
2023-07-14,에미레이트항공,23:55ICN,09:25CDG,+2일,"경유 1, 40시간 30분",성인/현대 M2/M3 Edition2(이용실적 충족시),"편도 5,843,900원~"
2023-07-14,대한항공,12:20ICN,18:30CDG,"직항, 13시간 10분",,성인/현대 M2/M3 Edition2(이용실적 충족시),"편도 5,953,500원~"
2023-07-15,여러항공사,11:00ICN,13:40CDG,+1일,"경유 2, 33시간 40분",성인/모든 결제수단,"편도 5,423,400원~"
2023-07-15,에미레이트항공,23:55ICN,13:30CDG,+1일,"경유 1, 20시간 35분",성인/현대 M2/M3 Edition2(이용실적 충족시),"편도 5,843,900원~"
2023-07-15,에미레이트항공,23:55ICN,20:00CDG,+1일,"경유 1, 27시간 05분",성인/현대 M2/M3 Edition2(이용실적 충족시),"편도 5,843,900원~"
2023-07-15,에미레이트항공,23:55ICN,09:25CDG,+2일,"경유 1, 40시간 30분",성인/현대 M2/M3 Edition2(이용실적 충족시),"편도 5,843,900원~"
2023-07-16,에미레이트항공,23:55ICN,13:30CDG,+1일,"경유 1, 20시간 35분",성인/현대 M2/M3 Edition2(이용실적 충족시),"편도 5,843,900원~"
2023-07-16,에미레이트항공,23:55ICN,20:00CDG,+1일,"경유 1, 27시간 05분",성인/현대 M2/M3 Edition2(이용실적 충족시),"편도 5,843,900원~"
2023-07-16,에미레이트항공,23:55ICN,09:25CDG,+2일,"경유 1, 40시간 30분",성인/현대 M2/M3 Edition2(이용실적 충족시),"편도 5,843,900원~"
2023-07-16,대한항공,12:20ICN,18:30CDG,"직항, 13시간 10분",,성인/현대 M2/M3 Edition2(이용실적 충족시),"편도 5,953,500원~"
2023-07-16,여러항공사Hop 공동운항,11:25ICN,20:45CDG,"경유 1, 16시간 20분",,성인/모든 결제수단,"편도 6,628,600원~"
2023-07-16,여러항공사,10:55ICN,09:10CDG,+1일,"경유 1, 29시간 15분",성인/모든 결제수단,"편도 6,629,500원~"
2023-07-16,여러항공사Hop 공동운항,11:25ICN,08:35CDG,+1일,"경유 1, 28시간 10분",성인/모든 결제수단,"편도 6,716,000원~"
2023-07-16,여러항공사Hop 공동운항,11:25ICN,11:10CDG,+1일,"경유 1, 30시간 45분",성인/모든 결제수단,"편도 6,716,000원~"
2023-07-16,여러항공사,10:55ICN,08:35CDG,+1일,"경유 1, 28시간 40분",성인/모든 결제수단,"편도 6,973,200원~"
2023-07-16,여러항공사,10:55ICN,13:50CDG,+1일,"경유 1, 33시간 55분",성인/모든 결제수단,"편도 6,973,200원~"
2023-07-16,일본항공대한항공 공동운항,20:30ICN,16:15CDG,+1일,"경유 1, 26시간 45분",성인/모든 결제수단,"편도 7,132,600원~"
2023-07-16,일본항공대한항공 공동운항,10:10ICN,16:15CDG,+1일,"경유 1, 37시간 05분",성인/모든 결제수단,"편도 7,147,300원~"
2023-07-16,일본항공대한항공 공동운항,18:05ICN,16:15CDG,+1일,"경유 1, 29시간 10분",성인/모든 결제수단,"편도 7,147,300원~"
2023-07-16,여러항공사,10:55ICN,15:35CDG,+1일,"경유 1, 35시간 40분",성인/모든 결제수단,"편도 7,269,700원~"
2023-07-16,여러항공사,10:55ICN,17:25CDG,+1일,"경유 1, 37시간 30분",성인/모든 결제수단,"편도 7,269,700원~"
2023-07-17,에미레이트항공,23:55ICN,13:30CDG,+1일,"경유 1, 20시간 35분",성인/현대 M2/M3 Edition2(이용실적 충족시),"편도 5,843,900원~"
2023-07-17,에미레이트항공,23:55ICN,20:00CDG,+1일,"경유 1, 27시간 05분",성인/현대 M2/M3 Edition2(이용실적 충족시),"편도 5,843,900원~"
2023-07-17,에미레이트항공,23:55ICN,09:25CDG,+2일,"경유 1, 40시간 30분",성인/현대 M2/M3 Edition2(이용실적 충족시),"편도 5,843,900원~"
2023-07-18,에미레이트항공,23:55ICN,13:30CDG,+1일,"경유 1, 20시간 35분",성인/현대 M2/M3 Edition2(이용실적 충족시),"편도 5,843,900원~"
2023-07-18,에미레이트항공,23:55ICN,20:00CDG,+1일,"경유 1, 27시간 05분",성인/현대 M2/M3 Edition2(이용실적 충족시),"편도 5,843,900원~"
2023-07-18,에미레이트항공,23:55ICN,09:25CDG,+2일,"경유 1, 40시간 30분",성인/현대 M2/M3 Edition2(이용실적 충족시),"편도 5,843,900원~"
2023-07-18,대한항공,12:20ICN,18:30CDG,"직항, 13시간 10분",,성인/현대 M2/M3 Edition2(이용실적 충족시),"편도 5,953,500원~"
2023-07-18,대한항공,09:00ICN,15:30CDG,"직항, 13시간 30분",,성인/현대 M2/M3 Edition2(이용실적 충족시),"편도 5,953,500원~"
2023-07-18,여러항공사Hop 공동운항,11:25ICN,21:20CDG,"경유 1, 16시간 55분",,성인/모든 결제수단,"편도 6,628,600원~"
2023-07-18,여러항공사,10:55ICN,09:10CDG,+1일,"경유 1, 29시간 15분",성인/모든 결제수단,"편도 6,629,500원~"
2023-07-18,여러항공사,10:55ICN,11:00CDG,+1일,"경유 1, 31시간 05분",성인/모든 결제수단,"편도 6,629,500원~"
2023-07-18,여러항공사Hop 공동운항,11:25ICN,08:35CDG,+1일,"경유 1, 28시간 10분",성인/모든 결제수단,"편도 6,716,000원~"
2023-07-18,여러항공사Hop 공동운항,11:25ICN,11:10CDG,+1일,"경유 1, 30시간 45분",성인/모든 결제수단,"편도 6,716,000원~"
2023-07-18,여러항공사,10:55ICN,08:35CDG,+1일,"경유 1, 28시간 40분",성인/모든 결제수단,"편도 6,973,200원~"
2023-07-18,여러항공사,10:55ICN,11:20CDG,+1일,"경유 1, 31시간 25분",성인/모든 결제수단,"편도 6,973,200원~"
2023-07-18,여러항공사,10:55ICN,13:50CDG,+1일,"경유 1, 33시간 55분",성인/모든 결제수단,"편도 6,973,200원~"
2023-07-18,일본항공대한항공 공동운항,20:30ICN,16:15CDG,+1일,"경유 1, 26시간 45분",성인/모든 결제수단,"편도 7,132,600원~"
2023-07-18,일본항공대한항공 공동운항,10:10ICN,16:15CDG,+1일,"경유 1, 37시간 05분",성인/모든 결제수단,"편도 7,147,300원~"
2023-07-18,일본항공대한항공 공동운항,18:05ICN,16:15CDG,+1일,"경유 1, 29시간 10분",성인/모든 결제수단,"편도 7,147,300원~"
2023-07-20,에미레이트항공,23:55ICN,13:30CDG,+1일,"경유 1, 20시간 35분",성인/모든 결제수단,"편도 6,175,100원~"
2023-07-20,에미레이트항공,23:55ICN,20:00CDG,+1일,"경유 1, 27시간 05분",성인/모든 결제수단,"편도 6,175,100원~"
2023-07-20,에미레이트항공,23:55ICN,09:25CDG,+2일,"경유 1, 40시간 30분",성인/KB국민카드,"편도 6,249,700원~"
2023-07-21,에미레이트항공,23:55ICN,13:30CDG,+1일,"경유 1, 20시간 35분",성인/현대 M2/M3 Edition2(이용실적 충족시),"편도 5,843,900원~"
2023-07-21,에미레이트항공,23:55ICN,20:00CDG,+1일,"경유 1, 27시간 05분",성인/현대 M2/M3 Edition2(이용실적 충족시),"편도 5,843,900원~"
2023-07-21,에미레이트항공,23:55ICN,09:25CDG,+2일,"경유 1, 40시간 30분",성인/현대 M2/M3 Edition2(이용실적 충족시),"편도 5,843,900원~"
2023-07-21,대한항공,12:20ICN,18:30CDG,"직항, 13시간 10분",,성인/현대 M2/M3 Edition2(이용실적 충족시),"편도 5,953,500원~"
2023-07-21,여러항공사Hop 공동운항,11:25ICN,21:20CDG,"경유 1, 16시간 55분",,성인/모든 결제수단,"편도 6,628,600원~"
2023-07-21,여러항공사,10:55ICN,08:35CDG,+1일,"경유 1, 28시간 40분",성인/모든 결제수단,"편도 6,669,000원~"
2023-07-21,여러항공사,10:55ICN,13:50CDG,+1일,"경유 1, 33시간 55분",성인/모든 결제수단,"편도 6,973,200원~"
2023-07-21,여러항공사Hop 공동운항,11:25ICN,08:35CDG,+1일,"경유 1, 28시간 10분",성인/모든 결제수단,"편도 7,020,200원~"
2023-07-21,여러항공사Hop 공동운항,11:25ICN,11:10CDG,+1일,"경유 1, 30시간 45분",성인/모든 결제수단,"편도 7,020,200원~"
2023-07-21,일본항공대한항공 공동운항,20:30ICN,16:15CDG,+1일,"경유 1, 26시간 45분",성인/모든 결제수단,"편도 7,132,600원~"
2023-07-21,일본항공대한항공 공동운항,10:10ICN,16:15CDG,+1일,"경유 1, 37시간 05분",성인/모든 결제수단,"편도 7,147,300원~"
2023-07-21,일본항공대한항공 공동운항,18:05ICN,16:15CDG,+1일,"경유 1, 29시간 10분",성인/모든 결제수단,"편도 7,147,300원~"
2023-07-21,여러항공사,11:25ICN,09:30ORY,+1일,"경유 2, 29시간 05분",성인/모든 결제수단,"편도 7,260,600원~"
2023-07-22,에미레이트항공,23:55ICN,13:30CDG,+1일,"경유 1, 20시간 35분",성인/현대 M2/M3 Edition2(이용실적 충족시),"편도 5,843,900원~"
2023-07-22,에미레이트항공,23:55ICN,20:00CDG,+1일,"경유 1, 27시간 05분",성인/현대 M2/M3 Edition2(이용실적 충족시),"편도 5,843,900원~"
2023-07-22,에미레이트항공,23:55ICN,09:25CDG,+2일,"경유 1, 40시간 30분",성인/현대 M2/M3 Edition2(이용실적 충족시),"편도 5,843,900원~"
2023-07-22,대한항공,12:20ICN,18:30CDG,"직항, 13시간 10분",,성인/현대 M2/M3 Edition2(이용실적 충족시),"편도 5,953,500원~"
2023-07-22,여러항공사Hop 공동운항,11:25ICN,08:35CDG,+1일,"경유 1, 28시간 10분",성인/모든 결제수단,"편도 6,716,000원~"
2023-07-22,여러항공사,10:55ICN,08:35CDG,+1일,"경유 1, 28시간 40분",성인/모든 결제수단,"편도 6,973,200원~"
2023-07-22,여러항공사,10:55ICN,13:50CDG,+1일,"경유 1, 33시간 55분",성인/모든 결제수단,"편도 6,973,200원~"
2023-07-22,여러항공사,10:55ICN,11:20CDG,+1일,"경유 1, 31시간 25분",성인/모든 결제수단,"편도 6,973,200원~"
2023-07-22,일본항공대한항공 공동운항,20:30ICN,16:15CDG,+1일,"경유 1, 26시간 45분",성인/모든 결제수단,"편도 7,132,600원~"
2023-07-22,일본항공대한항공 공동운항,10:10ICN,16:15CDG,+1일,"경유 1, 37시간 05분",성인/모든 결제수단,"편도 7,147,300원~"
2023-07-22,일본항공대한항공 공동운항,18:05ICN,16:15CDG,+1일,"경유 1, 29시간 10분",성인/모든 결제수단,"편도 7,147,300원~"
2023-07-22,여러항공사,11:25ICN,22:05ORY,+1일,"경유 2, 41시간 40분",성인/모든 결제수단,"편도 7,289,700원~"
2023-07-23,에미레이트항공,23:55ICN,13:30CDG,+1일,"경유 1, 20시간 35분",성인/현대 M2/M3 Edition2(이용실적 충족시),"편도 5,843,900원~"
2023-07-23,에미레이트항공,23:55ICN,20:00CDG,+1일,"경유 1, 27시간 05분",성인/현대 M2/M3 Edition2(이용실적 충족시),"편도 5,843,900원~"
2023-07-23,에미레이트항공,23:55ICN,09:25CDG,+2일,"경유 1, 40시간 30분",성인/현대 M2/M3 Edition2(이용실적 충족시),"편도 5,843,900원~"
2023-07-23,대한항공,12:20ICN,18:30CDG,"직항, 13시간 10분",,성인/현대 M2/M3 Edition2(이용실적 충족시),"편도 5,953,500원~"
2023-07-24,에미레이트항공,23:55ICN,13:30CDG,+1일,"경유 1, 20시간 35분",성인/현대 M2/M3 Edition2(이용실적 충족시),"편도 5,843,900원~"
2023-07-24,에미레이트항공,23:55ICN,20:00CDG,+1일,"경유 1, 27시간 05분",성인/현대 M2/M3 Edition2(이용실적 충족시),"편도 5,843,900원~"
2023-07-24,에미레이트항공,23:55ICN,09:25CDG,+2일,"경유 1, 40시간 30분",성인/현대 M2/M3 Edition2(이용실적 충족시),"편도 5,843,900원~"
2023-07-24,대한항공,12:20ICN,18:30CDG,"직항, 13시간 10분",,성인/현대 M2/M3 Edition2(이용실적 충족시),"편도 5,953,500원~"
2023-07-24,여러항공사Hop 공동운항,11:25ICN,21:20CDG,"경유 1, 16시간 55분",,성인/모든 결제수단,"편도 6,628,600원~"
2023-07-24,여러항공사,10:55ICN,09:20CDG,+1일,"경유 1, 29시간 25분",성인/모든 결제수단,"편도 6,629,500원~"
2023-07-24,여러항공사,10:55ICN,11:00CDG,+1일,"경유 1, 31시간 05분",성인/모든 결제수단,"편도 6,629,500원~"
2023-07-24,여러항공사,10:55ICN,22:50CDG,"경유 1, 18시간 55분",,성인/모든 결제수단,"편도 6,629,500원~"
2023-07-24,여러항공사Hop 공동운항,11:25ICN,08:35CDG,+1일,"경유 1, 28시간 10분",성인/모든 결제수단,"편도 6,716,000원~"
2023-07-24,여러항공사Hop 공동운항,11:25ICN,11:10CDG,+1일,"경유 1, 30시간 45분",성인/모든 결제수단,"편도 6,716,000원~"
2023-07-24,여러항공사,10:55ICN,08:35CDG,+1일,"경유 1, 28시간 40분",성인/모든 결제수단,"편도 6,973,200원~"
2023-07-24,여러항공사,10:55ICN,13:50CDG,+1일,"경유 1, 33시간 55분",성인/모든 결제수단,"편도 6,973,200원~"
2023-07-24,일본항공대한항공 공동운항,20:30ICN,16:15CDG,+1일,"경유 1, 26시간 45분",성인/모든 결제수단,"편도 7,132,600원~"
2023-07-24,일본항공대한항공 공동운항,10:10ICN,16:15CDG,+1일,"경유 1, 37시간 05분",성인/모든 결제수단,"편도 7,147,300원~"
2023-07-24,일본항공대한항공 공동운항,18:05ICN,16:15CDG,+1일,"경유 1, 29시간 10분",성인/모든 결제수단,"편도 7,147,300원~"
2023-07-24,여러항공사,11:25ICN,16:35ORY,+1일,"경유 2, 36시간 10분",성인/모든 결제수단,"편도 7,289,700원~"
2023-07-24,여러항공사,11:25ICN,20:10ORY,+1일,"경유 2, 39시간 45분",성인/모든 결제수단,"편도 7,289,700원~"
2023-07-25,에미레이트항공,23:55ICN,13:30CDG,+1일,"경유 1, 20시간 35분",성인/현대 M2/M3 Edition2(이용실적 충족시),"편도 5,843,900원~"
2023-07-25,에미레이트항공,23:55ICN,20:00CDG,+1일,"경유 1, 27시간 05분",성인/현대 M2/M3 Edition2(이용실적 충족시),"편도 5,843,900원~"
2023-07-25,에미레이트항공,23:55ICN,09:25CDG,+2일,"경유 1, 40시간 30분",성인/현대 M2/M3 Edition2(이용실적 충족시),"편도 5,843,900원~"
2023-07-25,대한항공,12:20ICN,18:30CDG,"직항, 13시간 10분",,성인/현대 M2/M3 Edition2(이용실적 충족시),"편도 5,953,500원~"
2023-07-25,대한항공,09:00ICN,15:30CDG,"직항, 13시간 30분",,성인/현대 M2/M3 Edition2(이용실적 충족시),"편도 5,953,500원~"
2023-07-26,에미레이트항공,23:55ICN,13:30CDG,+1일,"경유 1, 20시간 35분",성인/현대 M2/M3 Edition2(이용실적 충족시),"편도 5,843,900원~"
2023-07-26,에미레이트항공,23:55ICN,20:00CDG,+1일,"경유 1, 27시간 05분",성인/현대 M2/M3 Edition2(이용실적 충족시),"편도 5,843,900원~"
2023-07-26,에미레이트항공,23:55ICN,09:25CDG,+2일,"경유 1, 40시간 30분",성인/현대 M2/M3 Edition2(이용실적 충족시),"편도 5,843,900원~"
2023-07-26,대한항공,12:20ICN,18:30CDG,"직항, 13시간 10분",,성인/현대 M2/M3 Edition2(이용실적 충족시),"편도 5,953,500원~"
2023-07-27,대한항공,12:20ICN,18:30CDG,"직항, 13시간 10분",,성인/현대 M2/M3 Edition2(이용실적 충족시),"편도 5,953,500원~"
2023-07-27,여러항공사Hop 공동운항,11:25ICN,21:20CDG,"경유 1, 16시간 55분",,성인/모든 결제수단,"편도 6,628,600원~"
2023-07-27,여러항공사,10:55ICN,09:20CDG,+1일,"경유 1, 29시간 25분",성인/모든 결제수단,"편도 6,629,500원~"
2023-07-27,여러항공사,10:55ICN,22:50CDG,"경유 1, 18시간 55분",,성인/모든 결제수단,"편도 6,629,500원~"
2023-07-28,에미레이트항공,23:55ICN,13:30CDG,+1일,"경유 1, 20시간 35분",성인/현대 M2/M3 Edition2(이용실적 충족시),"편도 5,843,900원~"
2023-07-28,에미레이트항공,23:55ICN,20:00CDG,+1일,"경유 1, 27시간 05분",성인/현대 M2/M3 Edition2(이용실적 충족시),"편도 5,843,900원~"
2023-07-28,에미레이트항공,23:55ICN,09:25CDG,+2일,"경유 1, 40시간 30분",성인/현대 M2/M3 Edition2(이용실적 충족시),"편도 5,843,900원~"
2023-07-28,대한항공,12:20ICN,18:30CDG,"직항, 13시간 10분",,성인/현대 M2/M3 Edition2(이용실적 충족시),"편도 5,953,500원~"
2023-07-28,여러항공사Hop 공동운항,11:25ICN,21:20CDG,"경유 1, 16시간 55분",,성인/모든 결제수단,"편도 6,628,600원~"
2023-07-28,여러항공사,10:55ICN,23:15CDG,"경유 1, 19시간 20분",,성인/모든 결제수단,"편도 6,629,500원~"
2023-07-28,여러항공사Hop 공동운항,11:25ICN,08:35CDG,+1일,"경유 1, 28시간 10분",성인/모든 결제수단,"편도 6,716,000원~"
2023-07-28,여러항공사Hop 공동운항,11:25ICN,11:10CDG,+1일,"경유 1, 30시간 45분",성인/모든 결제수단,"편도 6,716,000원~"
2023-07-28,여러항공사,10:55ICN,11:20CDG,+1일,"경유 1, 31시간 25분",성인/모든 결제수단,"편도 6,973,200원~"
2023-07-28,여러항공사,10:55ICN,13:50CDG,+1일,"경유 1, 33시간 55분",성인/모든 결제수단,"편도 6,973,200원~"
2023-07-28,여러항공사,10:55ICN,08:35CDG,+1일,"경유 1, 28시간 40분",성인/모든 결제수단,"편도 6,973,200원~"
2023-07-28,일본항공대한항공 공동운항,20:30ICN,16:15CDG,+1일,"경유 1, 26시간 45분",성인/모든 결제수단,"편도 7,132,600원~"
2023-07-28,일본항공대한항공 공동운항,18:05ICN,16:15CDG,+1일,"경유 1, 29시간 10분",성인/모든 결제수단,"편도 7,147,300원~"
2023-07-28,일본항공대한항공 공동운항,10:10ICN,16:15CDG,+1일,"경유 1, 37시간 05분",성인/모든 결제수단,"편도 7,147,300원~"
2023-07-28,여러항공사이베리아익스프레스 공동운항,11:25ICN,16:05CDG,+1일,"경유 2, 35시간 40분",성인/모든 결제수단,"편도 7,289,700원~"
2023-07-29,에미레이트항공,23:55ICN,13:30CDG,+1일,"경유 1, 20시간 35분",성인/현대 M2/M3 Edition2(이용실적 충족시),"편도 5,843,900원~"
2023-07-29,에미레이트항공,23:55ICN,20:00CDG,+1일,"경유 1, 27시간 05분",성인/현대 M2/M3 Edition2(이용실적 충족시),"편도 5,843,900원~"
2023-07-29,에미레이트항공,23:55ICN,09:25CDG,+2일,"경유 1, 40시간 30분",성인/현대 M2/M3 Edition2(이용실적 충족시),"편도 5,843,900원~"
2023-07-29,대한항공,12:20ICN,18:30CDG,"직항, 13시간 10분",,성인/현대 M2/M3 Edition2(이용실적 충족시),"편도 5,953,500원~"
2023-07-30,에미레이트항공,23:55ICN,13:30CDG,+1일,"경유 1, 20시간 35분",성인/현대 M2/M3 Edition2(이용실적 충족시),"편도 5,843,900원~"
2023-07-30,에미레이트항공,23:55ICN,20:00CDG,+1일,"경유 1, 27시간 05분",성인/현대 M2/M3 Edition2(이용실적 충족시),"편도 5,843,900원~"
2023-07-30,에미레이트항공,23:55ICN,09:25CDG,+2일,"경유 1, 40시간 30분",성인/현대 M2/M3 Edition2(이용실적 충족시),"편도 5,843,900원~"
2023-07-30,대한항공,12:20ICN,18:30CDG,"직항, 13시간 10분",,성인/현대 M2/M3 Edition2(이용실적 충족시),"편도 5,953,500원~"
2023-07-30,여러항공사Hop 공동운항,11:25ICN,20:45CDG,"경유 1, 16시간 20분",,성인/모든 결제수단,"편도 6,628,600원~"
2023-07-31,에미레이트항공,23:55ICN,13:30CDG,+1일,"경유 1, 20시간 35분",성인/현대 M2/M3 Edition2(이용실적 충족시),"편도 5,843,900원~"
2023-07-31,에미레이트항공,23:55ICN,20:00CDG,+1일,"경유 1, 27시간 05분",성인/현대 M2/M3 Edition2(이용실적 충족시),"편도 5,843,900원~"
2023-07-31,에미레이트항공,23:55ICN,09:25CDG,+2일,"경유 1, 40시간 30분",성인/현대 M2/M3 Edition2(이용실적 충족시),"편도 5,843,900원~"
2023-07-31,대한항공,12:20ICN,18:30CDG,"직항, 13시간 10분",,성인/현대 M2/M3 Edition2(이용실적 충족시),"편도 5,953,500원~"
2023-08-01,에미레이트항공,23:55ICN,13:30CDG,+1일,"경유 1, 20시간 35분",성인/현대 M2/M3 Edition2(이용실적 충족시),"편도 5,843,900원~"
2023-08-01,에미레이트항공,23:55ICN,20:00CDG,+1일,"경유 1, 27시간 05분",성인/현대 M2/M3 Edition2(이용실적 충족시),"편도 5,843,900원~"
2023-08-01,에미레이트항공,23:55ICN,09:25CDG,+2일,"경유 1, 40시간 30분",성인/현대 M2/M3 Edition2(이용실적 충족시),"편도 5,843,900원~"
2023-08-01,대한항공,12:20ICN,18:30CDG,"직항, 13시간 10분",,성인/현대 M2/M3 Edition2(이용실적 충족시),"편도 5,953,500원~"
2023-08-01,대한항공,09:00ICN,15:30CDG,"직항, 13시간 30분",,성인/현대 M2/M3 Edition2(이용실적 충족시),"편도 5,953,500원~"
2023-08-01,여러항공사Hop 공동운항,11:25ICN,21:20CDG,"경유 1, 16시간 55분",,성인/모든 결제수단,"편도 6,628,600원~"
2023-08-01,여러항공사,10:55ICN,11:00CDG,+1일,"경유 1, 31시간 05분",성인/모든 결제수단,"편도 6,629,500원~"
2023-08-01,여러항공사,10:55ICN,13:25CDG,+1일,"경유 1, 33시간 30분",성인/모든 결제수단,"편도 6,629,500원~"
2023-08-01,여러항공사,10:55ICN,22:50CDG,"경유 1, 18시간 55분",,성인/모든 결제수단,"편도 6,629,500원~"
2023-08-01,여러항공사Hop 공동운항,11:25ICN,11:10CDG,+1일,"경유 1, 30시간 45분",성인/모든 결제수단,"편도 6,716,000원~"
2023-08-01,여러항공사,10:55ICN,08:35CDG,+1일,"경유 1, 28시간 40분",성인/모든 결제수단,"편도 6,973,200원~"
2023-08-01,여러항공사,10:55ICN,11:20CDG,+1일,"경유 1, 31시간 25분",성인/모든 결제수단,"편도 6,973,200원~"
2023-08-01,여러항공사,10:55ICN,13:50CDG,+1일,"경유 1, 33시간 55분",성인/모든 결제수단,"편도 6,973,200원~"
2023-08-01,일본항공대한항공 공동운항,20:30ICN,16:15CDG,+1일,"경유 1, 26시간 45분",성인/모든 결제수단,"편도 7,132,600원~"
2023-08-01,일본항공대한항공 공동운항,10:10ICN,16:15CDG,+1일,"경유 1, 37시간 05분",성인/모든 결제수단,"편도 7,147,300원~"
2023-08-01,일본항공대한항공 공동운항,18:05ICN,16:15CDG,+1일,"경유 1, 29시간 10분",성인/모든 결제수단,"편도 7,147,300원~"
2023-08-02,에미레이트항공,23:55ICN,13:30CDG,+1일,"경유 1, 20시간 35분",성인/현대 M2/M3 Edition2(이용실적 충족시),"편도 5,843,900원~"
2023-08-02,에미레이트항공,23:55ICN,20:00CDG,+1일,"경유 1, 27시간 05분",성인/현대 M2/M3 Edition2(이용실적 충족시),"편도 5,843,900원~"
2023-08-02,에미레이트항공,23:55ICN,09:25CDG,+2일,"경유 1, 40시간 30분",성인/현대 M2/M3 Edition2(이용실적 충족시),"편도 5,843,900원~"
2023-08-02,대한항공,12:20ICN,18:30CDG,"직항, 13시간 10분",,성인/현대 M2/M3 Edition2(이용실적 충족시),"편도 5,953,500원~"
2023-08-02,여러항공사Hop 공동운항,11:25ICN,21:20CDG,"경유 1, 16시간 55분",,성인/모든 결제수단,"편도 6,628,600원~"
2023-08-02,여러항공사,10:55ICN,09:25CDG,+1일,"경유 1, 29시간 30분",성인/모든 결제수단,"편도 6,629,500원~"
2023-08-02,여러항공사,10:55ICN,23:00CDG,"경유 1, 19시간 05분",,성인/모든 결제수단,"편도 6,629,500원~"
2023-08-02,여러항공사,10:55ICN,08:35CDG,+1일,"경유 1, 28시간 40분",성인/모든 결제수단,"편도 6,669,000원~"
2023-08-02,여러항공사Hop 공동운항,11:25ICN,08:35CDG,+1일,"경유 1, 28시간 10분",성인/모든 결제수단,"편도 6,716,000원~"
2023-08-02,여러항공사Hop 공동운항,11:25ICN,11:10CDG,+1일,"경유 1, 30시간 45분",성인/모든 결제수단,"편도 6,716,000원~"
2023-08-02,여러항공사,10:55ICN,11:20CDG,+1일,"경유 1, 31시간 25분",성인/모든 결제수단,"편도 6,973,200원~"
2023-08-02,일본항공대한항공 공동운항,20:30ICN,16:15CDG,+1일,"경유 1, 26시간 45분",성인/모든 결제수단,"편도 7,132,600원~"
2023-08-02,일본항공대한항공 공동운항,10:10ICN,16:15CDG,+1일,"경유 1, 37시간 05분",성인/모든 결제수단,"편도 7,147,300원~"
2023-08-02,일본항공대한항공 공동운항,18:05ICN,16:15CDG,+1일,"경유 1, 29시간 10분",성인/모든 결제수단,"편도 7,147,300원~"
2023-08-02,여러항공사,10:55ICN,13:20CDG,+1일,"경유 1, 33시간 25분",성인/모든 결제수단,"편도 7,269,700원~"
2023-08-02,여러항공사,11:25ICN,20:10ORY,+1일,"경유 2, 39시간 45분",성인/모든 결제수단,"편도 7,289,700원~"
2023-08-03,에미레이트항공,23:55ICN,13:30CDG,+1일,"경유 1, 20시간 35분",성인/현대 M2/M3 Edition2(이용실적 충족시),"편도 5,843,900원~"
2023-08-03,에미레이트항공,23:55ICN,20:00CDG,+1일,"경유 1, 27시간 05분",성인/현대 M2/M3 Edition2(이용실적 충족시),"편도 5,843,900원~"
2023-08-03,에미레이트항공,23:55ICN,09:25CDG,+2일,"경유 1, 40시간 30분",성인/현대 M2/M3 Edition2(이용실적 충족시),"편도 5,843,900원~"
2023-08-03,대한항공,12:20ICN,18:30CDG,"직항, 13시간 10분",,성인/현대 M2/M3 Edition2(이용실적 충족시),"편도 5,953,500원~"
2023-08-04,에미레이트항공,23:55ICN,13:30CDG,+1일,"경유 1, 20시간 35분",성인/현대 M2/M3 Edition2(이용실적 충족시),"편도 5,843,900원~"
2023-08-04,에미레이트항공,23:55ICN,20:00CDG,+1일,"경유 1, 27시간 05분",성인/현대 M2/M3 Edition2(이용실적 충족시),"편도 5,843,900원~"
2023-08-04,에미레이트항공,23:55ICN,09:25CDG,+2일,"경유 1, 40시간 30분",성인/현대 M2/M3 Edition2(이용실적 충족시),"편도 5,843,900원~"
2023-08-04,대한항공,12:20ICN,18:30CDG,"직항, 13시간 10분",,성인/현대 M2/M3 Edition2(이용실적 충족시),"편도 5,953,500원~"
2023-08-05,에미레이트항공,23:55ICN,13:30CDG,+1일,"경유 1, 20시간 35분",성인/현대 M2/M3 Edition2(이용실적 충족시),"편도 5,843,900원~"
2023-08-05,에미레이트항공,23:55ICN,20:00CDG,+1일,"경유 1, 27시간 05분",성인/현대 M2/M3 Edition2(이용실적 충족시),"편도 5,843,900원~"
2023-08-05,에미레이트항공,23:55ICN,09:25CDG,+2일,"경유 1, 40시간 30분",성인/현대 M2/M3 Edition2(이용실적 충족시),"편도 5,843,900원~"
2023-08-05,대한항공,12:20ICN,18:30CDG,"직항, 13시간 10분",,성인/현대 M2/M3 Edition2(이용실적 충족시),"편도 5,953,500원~"
2023-08-05,여러항공사,10:55ICN,09:45CDG,+1일,"경유 1, 29시간 50분",성인/모든 결제수단,"편도 6,629,500원~"
2023-08-06,에미레이트항공,23:55ICN,13:30CDG,+1일,"경유 1, 20시간 35분",성인/현대 M2/M3 Edition2(이용실적 충족시),"편도 5,843,900원~"
2023-08-06,에미레이트항공,23:55ICN,20:00CDG,+1일,"경유 1, 27시간 05분",성인/현대 M2/M3 Edition2(이용실적 충족시),"편도 5,843,900원~"
2023-08-06,에미레이트항공,23:55ICN,09:25CDG,+2일,"경유 1, 40시간 30분",성인/현대 M2/M3 Edition2(이용실적 충족시),"편도 5,843,900원~"
2023-08-06,대한항공,12:20ICN,18:30CDG,"직항, 13시간 10분",,성인/현대 M2/M3 Edition2(이용실적 충족시),"편도 5,953,500원~"
2023-08-07,에미레이트항공,23:55ICN,13:30CDG,+1일,"경유 1, 20시간 35분",성인/현대 M2/M3 Edition2(이용실적 충족시),"편도 5,843,900원~"
2023-08-07,에미레이트항공,23:55ICN,20:00CDG,+1일,"경유 1, 27시간 05분",성인/현대 M2/M3 Edition2(이용실적 충족시),"편도 5,843,900원~"
2023-08-07,에미레이트항공,23:55ICN,09:25CDG,+2일,"경유 1, 40시간 30분",성인/현대 M2/M3 Edition2(이용실적 충족시),"편도 5,843,900원~"
2023-08-07,대한항공,12:20ICN,18:30CDG,"직항, 13시간 10분",,성인/현대 M2/M3 Edition2(이용실적 충족시),"편도 5,953,500원~"
2023-08-07,여러항공사Hop 공동운항,11:25ICN,21:20CDG,"경유 1, 16시간 55분",,성인/모든 결제수단,"편도 6,628,600원~"
2023-08-08,에미레이트항공,23:55ICN,13:30CDG,+1일,"경유 1, 20시간 35분",성인/현대 M2/M3 Edition2(이용실적 충족시),"편도 5,843,900원~"
2023-08-08,에미레이트항공,23:55ICN,20:00CDG,+1일,"경유 1, 27시간 05분",성인/현대 M2/M3 Edition2(이용실적 충족시),"편도 5,843,900원~"
2023-08-08,에미레이트항공,23:55ICN,09:25CDG,+2일,"경유 1, 40시간 30분",성인/현대 M2/M3 Edition2(이용실적 충족시),"편도 5,843,900원~"
2023-08-08,대한항공,12:20ICN,18:30CDG,"직항, 13시간 10분",,성인/현대 M2/M3 Edition2(이용실적 충족시),"편도 5,953,500원~"
2023-08-08,대한항공,09:00ICN,15:30CDG,"직항, 13시간 30분",,성인/현대 M2/M3 Edition2(이용실적 충족시),"편도 5,953,500원~"
2023-08-09,에미레이트항공,23:55ICN,13:30CDG,+1일,"경유 1, 20시간 35분",성인/현대 M2/M3 Edition2(이용실적 충족시),"편도 5,843,900원~"
2023-08-09,에미레이트항공,23:55ICN,20:00CDG,+1일,"경유 1, 27시간 05분",성인/현대 M2/M3 Edition2(이용실적 충족시),"편도 5,843,900원~"
2023-08-09,에미레이트항공,23:55ICN,09:25CDG,+2일,"경유 1, 40시간 30분",성인/현대 M2/M3 Edition2(이용실적 충족시),"편도 5,843,900원~"
2023-08-09,대한항공,12:20ICN,18:30CDG,"직항, 13시간 10분",,성인/현대 M2/M3 Edition2(이용실적 충족시),"편도 5,953,500원~"
2023-08-10,에미레이트항공,23:55ICN,13:30CDG,+1일,"경유 1, 20시간 35분",성인/현대 M2/M3 Edition2(이용실적 충족시),"편도 5,843,900원~"
2023-08-10,에미레이트항공,23:55ICN,20:00CDG,+1일,"경유 1, 27시간 05분",성인/현대 M2/M3 Edition2(이용실적 충족시),"편도 5,843,900원~"
2023-08-10,에미레이트항공,23:55ICN,09:25CDG,+2일,"경유 1, 40시간 30분",성인/현대 M2/M3 Edition2(이용실적 충족시),"편도 5,843,900원~"
2023-08-10,대한항공,12:20ICN,18:30CDG,"직항, 13시간 10분",,성인/현대 M2/M3 Edition2(이용실적 충족시),"편도 5,953,500원~"
2023-08-10,여러항공사Hop 공동운항,11:25ICN,21:20CDG,"경유 1, 16시간 55분",,성인/모든 결제수단,"편도 6,628,600원~"
2023-08-11,에미레이트항공,23:55ICN,13:30CDG,+1일,"경유 1, 20시간 35분",성인/현대 M2/M3 Edition2(이용실적 충족시),"편도 5,843,900원~"
2023-08-11,에미레이트항공,23:55ICN,20:00CDG,+1일,"경유 1, 27시간 05분",성인/현대 M2/M3 Edition2(이용실적 충족시),"편도 5,843,900원~"
2023-08-11,에미레이트항공,23:55ICN,09:25CDG,+2일,"경유 1, 40시간 30분",성인/현대 M2/M3 Edition2(이용실적 충족시),"편도 5,843,900원~"
2023-08-11,대한항공,12:20ICN,18:30CDG,"직항, 13시간 10분",,성인/현대 M2/M3 Edition2(이용실적 충족시),"편도 5,953,500원~"
2023-08-12,에미레이트항공,23:55ICN,13:30CDG,+1일,"경유 1, 20시간 35분",성인/현대 M2/M3 Edition2(이용실적 충족시),"편도 5,843,900원~"
2023-08-12,에미레이트항공,23:55ICN,20:00CDG,+1일,"경유 1, 27시간 05분",성인/현대 M2/M3 Edition2(이용실적 충족시),"편도 5,843,900원~"
2023-08-12,에미레이트항공,23:55ICN,09:25CDG,+2일,"경유 1, 40시간 30분",성인/현대 M2/M3 Edition2(이용실적 충족시),"편도 5,843,900원~"
2023-08-12,대한항공,12:20ICN,18:30CDG,"직항, 13시간 10분",,성인/현대 M2/M3 Edition2(이용실적 충족시),"편도 5,953,500원~"
2023-08-12,여러항공사,10:55ICN,09:45CDG,+1일,"경유 1, 29시간 50분",성인/모든 결제수단,"편도 6,629,500원~"
2023-08-12,여러항공사,10:55ICN,22:50CDG,"경유 1, 18시간 55분",,성인/모든 결제수단,"편도 6,629,500원~"
2023-08-12,여러항공사Hop 공동운항,11:25ICN,08:35CDG,+1일,"경유 1, 28시간 10분",성인/모든 결제수단,"편도 6,716,000원~"
2023-08-12,여러항공사,10:55ICN,11:20CDG,+1일,"경유 1, 31시간 25분",성인/모든 결제수단,"편도 6,973,200원~"
2023-08-12,여러항공사,10:55ICN,13:50CDG,+1일,"경유 1, 33시간 55분",성인/모든 결제수단,"편도 6,973,200원~"
2023-08-12,여러항공사,10:55ICN,08:35CDG,+1일,"경유 1, 28시간 40분",성인/모든 결제수단,"편도 6,973,200원~"
2023-08-12,일본항공대한항공 공동운항,20:30ICN,16:15CDG,+1일,"경유 1, 26시간 45분",성인/모든 결제수단,"편도 7,132,600원~"
2023-08-12,일본항공대한항공 공동운항,10:10ICN,16:15CDG,+1일,"경유 1, 37시간 05분",성인/모든 결제수단,"편도 7,147,300원~"
2023-08-12,일본항공대한항공 공동운항,18:05ICN,16:15CDG,+1일,"경유 1, 29시간 10분",성인/모든 결제수단,"편도 7,147,300원~"
2023-08-13,에미레이트항공,23:55ICN,13:30CDG,+1일,"경유 1, 20시간 35분",성인/현대 M2/M3 Edition2(이용실적 충족시),"편도 5,843,900원~"
2023-08-13,에미레이트항공,23:55ICN,20:00CDG,+1일,"경유 1, 27시간 05분",성인/현대 M2/M3 Edition2(이용실적 충족시),"편도 5,843,900원~"
2023-08-13,에미레이트항공,23:55ICN,09:25CDG,+2일,"경유 1, 40시간 30분",성인/현대 M2/M3 Edition2(이용실적 충족시),"편도 5,843,900원~"
2023-08-13,대한항공,12:20ICN,18:30CDG,"직항, 13시간 10분",,성인/현대 M2/M3 Edition2(이용실적 충족시),"편도 5,953,500원~"
2023-08-14,에미레이트항공,23:55ICN,13:30CDG,+1일,"경유 1, 20시간 35분",성인/현대 M2/M3 Edition2(이용실적 충족시),"편도 5,843,900원~"
2023-08-14,에미레이트항공,23:55ICN,20:00CDG,+1일,"경유 1, 27시간 05분",성인/현대 M2/M3 Edition2(이용실적 충족시),"편도 5,843,900원~"
2023-08-14,에미레이트항공,23:55ICN,09:25CDG,+2일,"경유 1, 40시간 30분",성인/현대 M2/M3 Edition2(이용실적 충족시),"편도 5,843,900원~"
2023-08-14,대한항공,12:20ICN,18:30CDG,"직항, 13시간 10분",,성인/현대 M2/M3 Edition2(이용실적 충족시),"편도 5,953,500원~"
2023-08-14,여러항공사Hop 공동운항,11:25ICN,21:20CDG,"경유 1, 16시간 55분",,성인/모든 결제수단,"편도 6,628,600원~"
2023-08-14,여러항공사,10:55ICN,09:20CDG,+1일,"경유 1, 29시간 25분",성인/모든 결제수단,"편도 6,629,500원~"
2023-08-14,여러항공사,10:55ICN,11:00CDG,+1일,"경유 1, 31시간 05분",성인/모든 결제수단,"편도 6,629,500원~"
2023-08-14,여러항공사,10:55ICN,22:50CDG,"경유 1, 18시간 55분",,성인/모든 결제수단,"편도 6,629,500원~"
2023-08-14,여러항공사Hop 공동운항,11:25ICN,08:35CDG,+1일,"경유 1, 28시간 10분",성인/모든 결제수단,"편도 6,716,000원~"
2023-08-14,여러항공사Hop 공동운항,11:25ICN,11:10CDG,+1일,"경유 1, 30시간 45분",성인/모든 결제수단,"편도 6,716,000원~"
2023-08-14,여러항공사,10:55ICN,13:50CDG,+1일,"경유 1, 33시간 55분",성인/모든 결제수단,"편도 6,973,200원~"
2023-08-14,여러항공사,10:55ICN,08:35CDG,+1일,"경유 1, 28시간 40분",성인/모든 결제수단,"편도 6,973,200원~"
2023-08-14,일본항공대한항공 공동운항,20:30ICN,16:15CDG,+1일,"경유 1, 26시간 45분",성인/모든 결제수단,"편도 7,132,600원~"
2023-08-14,일본항공대한항공 공동운항,10:10ICN,16:15CDG,+1일,"경유 1, 37시간 05분",성인/모든 결제수단,"편도 7,147,300원~"
2023-08-14,일본항공대한항공 공동운항,18:05ICN,16:15CDG,+1일,"경유 1, 29시간 10분",성인/모든 결제수단,"편도 7,147,300원~"
2023-08-15,에미레이트항공,23:55ICN,20:00CDG,+1일,"경유 1, 27시간 05분",성인/현대 M2/M3 Edition2(이용실적 충족시),"편도 5,843,900원~"
2023-08-15,에미레이트항공,23:55ICN,09:25CDG,+2일,"경유 1, 40시간 30분",성인/현대 M2/M3 Edition2(이용실적 충족시),"편도 5,843,900원~"
2023-08-15,대한항공,12:20ICN,18:30CDG,"직항, 13시간 10분",,성인/현대 M2/M3 Edition2(이용실적 충족시),"편도 5,953,500원~"
2023-08-15,대한항공,09:00ICN,15:30CDG,"직항, 13시간 30분",,성인/현대 M2/M3 Edition2(이용실적 충족시),"편도 5,953,500원~"
2023-08-15,여러항공사Hop 공동운항,11:25ICN,21:20CDG,"경유 1, 16시간 55분",,성인/모든 결제수단,"편도 6,628,600원~"
2023-08-15,여러항공사,10:55ICN,09:10CDG,+1일,"경유 1, 29시간 15분",성인/모든 결제수단,"편도 6,629,500원~"
2023-08-16,에미레이트항공,23:55ICN,13:30CDG,+1일,"경유 1, 20시간 35분",성인/현대 M2/M3 Edition2(이용실적 충족시),"편도 5,843,900원~"
2023-08-16,에미레이트항공,23:55ICN,20:00CDG,+1일,"경유 1, 27시간 05분",성인/현대 M2/M3 Edition2(이용실적 충족시),"편도 5,843,900원~"
2023-08-16,에미레이트항공,23:55ICN,09:25CDG,+2일,"경유 1, 40시간 30분",성인/현대 M2/M3 Edition2(이용실적 충족시),"편도 5,843,900원~"
2023-08-16,대한항공,12:20ICN,18:30CDG,"직항, 13시간 10분",,성인/현대 M2/M3 Edition2(이용실적 충족시),"편도 5,953,500원~"
2023-08-17,에미레이트항공,23:55ICN,13:30CDG,+1일,"경유 1, 20시간 35분",성인/현대 M2/M3 Edition2(이용실적 충족시),"편도 5,843,900원~"
2023-08-17,에미레이트항공,23:55ICN,20:00CDG,+1일,"경유 1, 27시간 05분",성인/현대 M2/M3 Edition2(이용실적 충족시),"편도 5,843,900원~"
2023-08-17,에미레이트항공,23:55ICN,09:25CDG,+2일,"경유 1, 40시간 30분",성인/현대 M2/M3 Edition2(이용실적 충족시),"편도 5,843,900원~"
2023-08-17,대한항공,12:20ICN,18:30CDG,"직항, 13시간 10분",,성인/현대 M2/M3 Edition2(이용실적 충족시),"편도 5,953,500원~"
2023-08-18,에미레이트항공,23:55ICN,13:30CDG,+1일,"경유 1, 20시간 35분",성인/현대 M2/M3 Edition2(이용실적 충족시),"편도 5,843,900원~"
2023-08-18,에미레이트항공,23:55ICN,20:00CDG,+1일,"경유 1, 27시간 05분",성인/현대 M2/M3 Edition2(이용실적 충족시),"편도 5,843,900원~"
2023-08-18,에미레이트항공,23:55ICN,09:25CDG,+2일,"경유 1, 40시간 30분",성인/현대 M2/M3 Edition2(이용실적 충족시),"편도 5,843,900원~"
2023-08-18,대한항공,12:20ICN,18:30CDG,"직항, 13시간 10분",,성인/현대 M2/M3 Edition2(이용실적 충족시),"편도 5,953,500원~"
2023-08-18,여러항공사Hop 공동운항,11:25ICN,21:20CDG,"경유 1, 16시간 55분",,성인/모든 결제수단,"편도 6,628,600원~"
2023-08-18,여러항공사,10:55ICN,09:35CDG,+1일,"경유 1, 29시간 40분",성인/모든 결제수단,"편도 6,629,500원~"
2023-08-18,여러항공사,10:55ICN,23:15CDG,"경유 1, 19시간 20분",,성인/모든 결제수단,"편도 6,629,500원~"
2023-08-18,여러항공사Hop 공동운항,11:25ICN,08:35CDG,+1일,"경유 1, 28시간 10분",성인/모든 결제수단,"편도 6,716,000원~"
2023-08-18,여러항공사,10:55ICN,08:35CDG,+1일,"경유 1, 28시간 40분",성인/모든 결제수단,"편도 6,973,200원~"
2023-08-18,여러항공사,10:55ICN,11:20CDG,+1일,"경유 1, 31시간 25분",성인/모든 결제수단,"편도 6,973,200원~"
2023-08-18,일본항공대한항공 공동운항,20:30ICN,16:15CDG,+1일,"경유 1, 26시간 45분",성인/모든 결제수단,"편도 7,132,600원~"
2023-08-18,일본항공대한항공 공동운항,18:05ICN,16:15CDG,+1일,"경유 1, 29시간 10분",성인/모든 결제수단,"편도 7,147,300원~"
2023-08-18,일본항공대한항공 공동운항,10:10ICN,16:15CDG,+1일,"경유 1, 37시간 05분",성인/모든 결제수단,"편도 7,147,300원~"
2023-08-18,여러항공사이베리아익스프레스 공동운항,11:25ICN,16:05CDG,+1일,"경유 2, 35시간 40분",성인/모든 결제수단,"편도 7,289,700원~"
2023-08-18,여러항공사,11:25ICN,22:05ORY,+1일,"경유 2, 41시간 40분",성인/모든 결제수단,"편도 7,289,700원~"
2023-08-19,에미레이트항공,23:55ICN,13:30CDG,+1일,"경유 1, 20시간 35분",성인/현대 M2/M3 Edition2(이용실적 충족시),"편도 5,843,900원~"
2023-08-19,에미레이트항공,23:55ICN,20:00CDG,+1일,"경유 1, 27시간 05분",성인/현대 M2/M3 Edition2(이용실적 충족시),"편도 5,843,900원~"
2023-08-19,에미레이트항공,23:55ICN,09:25CDG,+2일,"경유 1, 40시간 30분",성인/현대 M2/M3 Edition2(이용실적 충족시),"편도 5,843,900원~"
2023-08-19,대한항공,12:20ICN,18:30CDG,"직항, 13시간 10분",,성인/현대 M2/M3 Edition2(이용실적 충족시),"편도 5,953,500원~"
2023-08-19,여러항공사,10:55ICN,09:45CDG,+1일,"경유 1, 29시간 50분",성인/모든 결제수단,"편도 6,629,500원~"
2023-08-19,여러항공사Hop 공동운항,11:25ICN,08:35CDG,+1일,"경유 1, 28시간 10분",성인/모든 결제수단,"편도 6,716,000원~"
2023-08-19,여러항공사,10:55ICN,13:50CDG,+1일,"경유 1, 33시간 55분",성인/모든 결제수단,"편도 6,973,200원~"
2023-08-19,여러항공사,10:55ICN,11:20CDG,+1일,"경유 1, 31시간 25분",성인/모든 결제수단,"편도 6,973,200원~"
2023-08-19,여러항공사,10:55ICN,08:35CDG,+1일,"경유 1, 28시간 40분",성인/모든 결제수단,"편도 6,973,200원~"
2023-08-19,일본항공대한항공 공동운항,20:30ICN,16:15CDG,+1일,"경유 1, 26시간 45분",성인/모든 결제수단,"편도 7,132,600원~"
2023-08-19,일본항공대한항공 공동운항,10:10ICN,16:15CDG,+1일,"경유 1, 37시간 05분",성인/모든 결제수단,"편도 7,147,300원~"
2023-08-19,일본항공대한항공 공동운항,18:05ICN,16:15CDG,+1일,"경유 1, 29시간 10분",성인/모든 결제수단,"편도 7,147,300원~"
2023-08-20,에미레이트항공,23:55ICN,13:30CDG,+1일,"경유 1, 20시간 35분",성인/현대 M2/M3 Edition2(이용실적 충족시),"편도 5,843,900원~"
2023-08-20,에미레이트항공,23:55ICN,20:00CDG,+1일,"경유 1, 27시간 05분",성인/현대 M2/M3 Edition2(이용실적 충족시),"편도 5,843,900원~"
2023-08-20,에미레이트항공,23:55ICN,09:25CDG,+2일,"경유 1, 40시간 30분",성인/현대 M2/M3 Edition2(이용실적 충족시),"편도 5,843,900원~"
2023-08-20,대한항공,12:20ICN,18:30CDG,"직항, 13시간 10분",,성인/현대 M2/M3 Edition2(이용실적 충족시),"편도 5,953,500원~"
2023-08-20,여러항공사Hop 공동운항,11:25ICN,20:45CDG,"경유 1, 16시간 20분",,성인/모든 결제수단,"편도 6,628,600원~"
2023-08-20,여러항공사,10:55ICN,22:50CDG,"경유 1, 18시간 55분",,성인/모든 결제수단,"편도 6,629,500원~"
2023-08-20,여러항공사,10:55ICN,08:35CDG,+1일,"경유 1, 28시간 40분",성인/모든 결제수단,"편도 6,669,000원~"
2023-08-20,여러항공사Hop 공동운항,11:25ICN,08:35CDG,+1일,"경유 1, 28시간 10분",성인/모든 결제수단,"편도 6,716,000원~"
2023-08-20,여러항공사Hop 공동운항,11:25ICN,11:10CDG,+1일,"경유 1, 30시간 45분",성인/모든 결제수단,"편도 6,716,000원~"
2023-08-20,여러항공사,10:55ICN,11:20CDG,+1일,"경유 1, 31시간 25분",성인/모든 결제수단,"편도 6,973,200원~"
2023-08-20,여러항공사,10:55ICN,13:50CDG,+1일,"경유 1, 33시간 55분",성인/모든 결제수단,"편도 6,973,200원~"
2023-08-20,일본항공대한항공 공동운항,20:30ICN,16:15CDG,+1일,"경유 1, 26시간 45분",성인/모든 결제수단,"편도 7,132,600원~"
2023-08-20,일본항공대한항공 공동운항,18:05ICN,16:15CDG,+1일,"경유 1, 29시간 10분",성인/모든 결제수단,"편도 7,147,300원~"
2023-08-20,일본항공대한항공 공동운항,10:10ICN,16:15CDG,+1일,"경유 1, 37시간 05분",성인/모든 결제수단,"편도 7,147,300원~"
2023-08-20,여러항공사에어노스트룸 공동운항,11:25ICN,09:30ORY,+1일,"경유 2, 29시간 05분",성인/모든 결제수단,"편도 7,260,600원~"
2023-08-21,에미레이트항공,23:55ICN,13:30CDG,+1일,"경유 1, 20시간 35분",성인/현대 M2/M3 Edition2(이용실적 충족시),"편도 5,843,900원~"
2023-08-21,에미레이트항공,23:55ICN,20:00CDG,+1일,"경유 1, 27시간 05분",성인/현대 M2/M3 Edition2(이용실적 충족시),"편도 5,843,900원~"
2023-08-21,에미레이트항공,23:55ICN,09:25CDG,+2일,"경유 1, 40시간 30분",성인/현대 M2/M3 Edition2(이용실적 충족시),"편도 5,843,900원~"
2023-08-21,대한항공,12:20ICN,18:30CDG,"직항, 13시간 10분",,성인/현대 M2/M3 Edition2(이용실적 충족시),"편도 5,953,500원~"
2023-08-21,여러항공사Hop 공동운항,11:25ICN,21:20CDG,"경유 1, 16시간 55분",,성인/모든 결제수단,"편도 6,628,600원~"
2023-08-21,여러항공사,10:55ICN,09:20CDG,+1일,"경유 1, 29시간 25분",성인/모든 결제수단,"편도 6,629,500원~"
2023-08-21,여러항공사,10:55ICN,11:00CDG,+1일,"경유 1, 31시간 05분",성인/모든 결제수단,"편도 6,629,500원~"
2023-08-21,여러항공사,10:55ICN,22:50CDG,"경유 1, 18시간 55분",,성인/모든 결제수단,"편도 6,629,500원~"
2023-08-21,여러항공사,10:55ICN,08:35CDG,+1일,"경유 1, 28시간 40분",성인/모든 결제수단,"편도 6,669,000원~"
2023-08-21,여러항공사Hop 공동운항,11:25ICN,08:35CDG,+1일,"경유 1, 28시간 10분",성인/모든 결제수단,"편도 6,716,000원~"
2023-08-21,여러항공사Hop 공동운항,11:25ICN,11:10CDG,+1일,"경유 1, 30시간 45분",성인/모든 결제수단,"편도 6,716,000원~"
2023-08-21,여러항공사,10:55ICN,13:50CDG,+1일,"경유 1, 33시간 55분",성인/모든 결제수단,"편도 6,973,200원~"
2023-08-21,일본항공대한항공 공동운항,20:30ICN,16:15CDG,+1일,"경유 1, 26시간 45분",성인/모든 결제수단,"편도 7,132,600원~"
2023-08-21,일본항공대한항공 공동운항,10:10ICN,16:15CDG,+1일,"경유 1, 37시간 05분",성인/모든 결제수단,"편도 7,147,300원~"
2023-08-22,에미레이트항공,23:55ICN,13:30CDG,+1일,"경유 1, 20시간 35분",성인/현대 M2/M3 Edition2(이용실적 충족시),"편도 5,843,900원~"
2023-08-22,에미레이트항공,23:55ICN,20:00CDG,+1일,"경유 1, 27시간 05분",성인/현대 M2/M3 Edition2(이용실적 충족시),"편도 5,843,900원~"
2023-08-22,에미레이트항공,23:55ICN,09:25CDG,+2일,"경유 1, 40시간 30분",성인/현대 M2/M3 Edition2(이용실적 충족시),"편도 5,843,900원~"
2023-08-22,대한항공,12:20ICN,18:30CDG,"직항, 13시간 10분",,성인/현대 M2/M3 Edition2(이용실적 충족시),"편도 5,953,500원~"
2023-08-22,대한항공,09:00ICN,15:30CDG,"직항, 13시간 30분",,성인/현대 M2/M3 Edition2(이용실적 충족시),"편도 5,953,500원~"
2023-08-22,여러항공사Hop 공동운항,11:25ICN,21:20CDG,"경유 1, 16시간 55분",,성인/모든 결제수단,"편도 6,628,600원~"
2023-08-22,여러항공사,10:55ICN,09:10CDG,+1일,"경유 1, 29시간 15분",성인/모든 결제수단,"편도 6,629,500원~"
2023-08-22,여러항공사,10:55ICN,22:50CDG,"경유 1, 18시간 55분",,성인/모든 결제수단,"편도 6,629,500원~"
2023-08-22,여러항공사Hop 공동운항,11:25ICN,11:10CDG,+1일,"경유 1, 30시간 45분",성인/모든 결제수단,"편도 6,716,000원~"
2023-08-22,여러항공사,10:55ICN,11:20CDG,+1일,"경유 1, 31시간 25분",성인/모든 결제수단,"편도 6,973,200원~"
2023-08-22,여러항공사,10:55ICN,13:50CDG,+1일,"경유 1, 33시간 55분",성인/모든 결제수단,"편도 6,973,200원~"
2023-08-22,여러항공사,10:55ICN,08:35CDG,+1일,"경유 1, 28시간 40분",성인/모든 결제수단,"편도 6,973,200원~"
2023-08-22,일본항공대한항공 공동운항,20:30ICN,16:15CDG,+1일,"경유 1, 26시간 45분",성인/모든 결제수단,"편도 7,132,600원~"
2023-08-22,일본항공대한항공 공동운항,10:10ICN,16:15CDG,+1일,"경유 1, 37시간 05분",성인/모든 결제수단,"편도 7,147,300원~"
2023-08-22,일본항공대한항공 공동운항,18:05ICN,16:15CDG,+1일,"경유 1, 29시간 10분",성인/모든 결제수단,"편도 7,147,300원~"
2023-08-22,중국동방항공,12:55ICN,06:30CDG,+1일,"경유 1, 24시간 35분",성인/삼성 iD PET 카드,"편도 8,087,900원~"
2023-08-23,에미레이트항공,23:55ICN,13:30CDG,+1일,"경유 1, 20시간 35분",성인/현대 M2/M3 Edition2(이용실적 충족시),"편도 5,843,900원~"
2023-08-23,에미레이트항공,23:55ICN,20:00CDG,+1일,"경유 1, 27시간 05분",성인/현대 M2/M3 Edition2(이용실적 충족시),"편도 5,843,900원~"
2023-08-23,에미레이트항공,23:55ICN,09:25CDG,+2일,"경유 1, 40시간 30분",성인/현대 M2/M3 Edition2(이용실적 충족시),"편도 5,843,900원~"
2023-08-23,대한항공,12:20ICN,18:30CDG,"직항, 13시간 10분",,성인/현대 M2/M3 Edition2(이용실적 충족시),"편도 5,953,500원~"
2023-08-24,에미레이트항공,23:55ICN,13:30CDG,+1일,"경유 1, 20시간 35분",성인/현대 M2/M3 Edition2(이용실적 충족시),"편도 5,843,900원~"
2023-08-24,에미레이트항공,23:55ICN,20:00CDG,+1일,"경유 1, 27시간 05분",성인/현대 M2/M3 Edition2(이용실적 충족시),"편도 5,843,900원~"
2023-08-24,에미레이트항공,23:55ICN,09:25CDG,+2일,"경유 1, 40시간 30분",성인/현대 M2/M3 Edition2(이용실적 충족시),"편도 5,843,900원~"
2023-08-24,대한항공,12:20ICN,18:30CDG,"직항, 13시간 10분",,성인/현대 M2/M3 Edition2(이용실적 충족시),"편도 5,953,500원~"
2023-08-24,여러항공사Hop 공동운항,11:25ICN,21:20CDG,"경유 1, 16시간 55분",,성인/모든 결제수단,"편도 6,628,600원~"
2023-08-24,여러항공사,10:55ICN,22:50CDG,"경유 1, 18시간 55분",,성인/모든 결제수단,"편도 6,629,500원~"
2023-08-24,여러항공사Hop 공동운항,11:25ICN,08:35CDG,+1일,"경유 1, 28시간 10분",성인/모든 결제수단,"편도 6,716,000원~"
2023-08-24,여러항공사Hop 공동운항,11:25ICN,11:10CDG,+1일,"경유 1, 30시간 45분",성인/모든 결제수단,"편도 6,716,000원~"
2023-08-24,일본항공대한항공 공동운항,20:30ICN,16:15CDG,+1일,"경유 1, 26시간 45분",성인/모든 결제수단,"편도 7,132,600원~"
2023-08-24,일본항공대한항공 공동운항,10:10ICN,16:15CDG,+1일,"경유 1, 37시간 05분",성인/모든 결제수단,"편도 7,147,300원~"
2023-08-24,일본항공대한항공 공동운항,18:05ICN,16:15CDG,+1일,"경유 1, 29시간 10분",성인/모든 결제수단,"편도 7,147,300원~"
2023-08-24,중국동방항공,12:55ICN,06:30CDG,+1일,"경유 1, 24시간 35분",성인/삼성 iD PET 카드,"편도 8,087,900원~"
2023-08-24,에미레이트항공대한항공 공동운항,13:40ICN,09:25CDG,+1일,"경유 1, 26시간 45분",성인/모든 결제수단,"편도 9,508,900원~"
2023-08-24,에미레이트항공대한항공 공동운항,13:40ICN,13:30CDG,+1일,"경유 1, 30시간 50분",성인/모든 결제수단,"편도 9,508,900원~"
2023-08-24,여러항공사,08:10ICN,07:00CDG,+1일,"경유 1, 29시간 50분",성인/현대 M2/M3 Edition2(이용실적 충족시),"편도 10,331,300원~"
2023-08-24,캐세이퍼시픽항공,15:10ICN,07:00CDG,+1일,"경유 1, 22시간 50분",성인/현대 M2/M3 Edition2(이용실적 충족시),"편도 10,367,000원~"
2023-08-25,에미레이트항공,23:55ICN,13:30CDG,+1일,"경유 1, 20시간 35분",성인/현대 M2/M3 Edition2(이용실적 충족시),"편도 5,843,900원~"
2023-08-25,에미레이트항공,23:55ICN,20:00CDG,+1일,"경유 1, 27시간 05분",성인/현대 M2/M3 Edition2(이용실적 충족시),"편도 5,843,900원~"
2023-08-25,에미레이트항공,23:55ICN,09:25CDG,+2일,"경유 1, 40시간 30분",성인/현대 M2/M3 Edition2(이용실적 충족시),"편도 5,843,900원~"
2023-08-25,대한항공,12:20ICN,18:30CDG,"직항, 13시간 10분",,성인/현대 M2/M3 Edition2(이용실적 충족시),"편도 5,953,500원~"
2023-08-25,여러항공사Hop 공동운항,11:25ICN,21:20CDG,"경유 1, 16시간 55분",,성인/모든 결제수단,"편도 6,628,600원~"
2023-08-25,여러항공사,10:55ICN,09:35CDG,+1일,"경유 1, 29시간 40분",성인/모든 결제수단,"편도 6,629,500원~"
2023-08-25,여러항공사,10:55ICN,23:15CDG,"경유 1, 19시간 20분",,성인/모든 결제수단,"편도 6,629,500원~"
2023-08-25,여러항공사Hop 공동운항,11:25ICN,08:35CDG,+1일,"경유 1, 28시간 10분",성인/모든 결제수단,"편도 6,716,000원~"
2023-08-25,여러항공사Hop 공동운항,11:25ICN,11:10CDG,+1일,"경유 1, 30시간 45분",성인/모든 결제수단,"편도 6,716,000원~"
2023-08-25,여러항공사,10:55ICN,08:35CDG,+1일,"경유 1, 28시간 40분",성인/모든 결제수단,"편도 6,973,200원~"
2023-08-25,여러항공사,10:55ICN,11:20CDG,+1일,"경유 1, 31시간 25분",성인/모든 결제수단,"편도 6,973,200원~"
2023-08-25,여러항공사,10:55ICN,13:50CDG,+1일,"경유 1, 33시간 55분",성인/모든 결제수단,"편도 6,973,200원~"
2023-08-25,일본항공대한항공 공동운항,20:30ICN,16:15CDG,+1일,"경유 1, 26시간 45분",성인/모든 결제수단,"편도 7,132,600원~"
2023-08-25,일본항공대한항공 공동운항,10:10ICN,16:15CDG,+1일,"경유 1, 37시간 05분",성인/모든 결제수단,"편도 7,147,300원~"
2023-08-25,일본항공대한항공 공동운항,18:05ICN,16:15CDG,+1일,"경유 1, 29시간 10분",성인/모든 결제수단,"편도 7,147,300원~"
2023-08-26,에미레이트항공,23:55ICN,13:30CDG,+1일,"경유 1, 20시간 35분",성인/현대 M2/M3 Edition2(이용실적 충족시),"편도 5,843,900원~"
2023-08-26,에미레이트항공,23:55ICN,20:00CDG,+1일,"경유 1, 27시간 05분",성인/현대 M2/M3 Edition2(이용실적 충족시),"편도 5,843,900원~"
2023-08-26,에미레이트항공,23:55ICN,09:25CDG,+2일,"경유 1, 40시간 30분",성인/현대 M2/M3 Edition2(이용실적 충족시),"편도 5,843,900원~"
2023-08-26,대한항공,12:20ICN,18:30CDG,"직항, 13시간 10분",,성인/현대 M2/M3 Edition2(이용실적 충족시),"편도 5,953,500원~"
2023-08-27,에미레이트항공,23:55ICN,13:30CDG,+1일,"경유 1, 20시간 35분",성인/현대 M2/M3 Edition2(이용실적 충족시),"편도 5,843,900원~"
2023-08-27,에미레이트항공,23:55ICN,20:00CDG,+1일,"경유 1, 27시간 05분",성인/현대 M2/M3 Edition2(이용실적 충족시),"편도 5,843,900원~"
2023-08-27,에미레이트항공,23:55ICN,09:25CDG,+2일,"경유 1, 40시간 30분",성인/현대 M2/M3 Edition2(이용실적 충족시),"편도 5,843,900원~"
2023-08-27,대한항공,12:20ICN,18:30CDG,"직항, 13시간 10분",,성인/현대 M2/M3 Edition2(이용실적 충족시),"편도 5,953,500원~"
2023-08-28,에미레이트항공,23:55ICN,20:00CDG,+1일,"경유 1, 27시간 05분",성인/현대 M2/M3 Edition2(이용실적 충족시),"편도 5,843,900원~"
2023-08-28,에미레이트항공,23:55ICN,09:25CDG,+2일,"경유 1, 40시간 30분",성인/현대 M2/M3 Edition2(이용실적 충족시),"편도 5,843,900원~"
2023-08-28,대한항공,12:20ICN,18:30CDG,"직항, 13시간 10분",,성인/현대 M2/M3 Edition2(이용실적 충족시),"편도 5,953,500원~"
2023-08-28,여러항공사,10:55ICN,09:20CDG,+1일,"경유 1, 29시간 25분",성인/모든 결제수단,"편도 6,601,400원~"
2023-08-29,에미레이트항공,23:55ICN,20:00CDG,+1일,"경유 1, 27시간 05분",성인/현대 M2/M3 Edition2(이용실적 충족시),"편도 5,843,900원~"
2023-08-29,에미레이트항공,23:55ICN,09:25CDG,+2일,"경유 1, 40시간 30분",성인/현대 M2/M3 Edition2(이용실적 충족시),"편도 5,843,900원~"
2023-08-29,대한항공,12:20ICN,18:30CDG,"직항, 13시간 10분",,성인/현대 M2/M3 Edition2(이용실적 충족시),"편도 5,953,500원~"
2023-08-29,대한항공,09:00ICN,15:30CDG,"직항, 13시간 30분",,성인/현대 M2/M3 Edition2(이용실적 충족시),"편도 5,953,500원~"
2023-08-29,여러항공사Hop 공동운항,11:25ICN,21:20CDG,"경유 1, 16시간 55분",,성인/모든 결제수단,"편도 6,628,600원~"
2023-08-29,여러항공사,10:55ICN,09:10CDG,+1일,"경유 1, 29시간 15분",성인/모든 결제수단,"편도 6,629,500원~"
2023-08-29,여러항공사,10:55ICN,11:00CDG,+1일,"경유 1, 31시간 05분",성인/모든 결제수단,"편도 6,629,500원~"
2023-08-29,여러항공사,10:55ICN,22:50CDG,"경유 1, 18시간 55분",,성인/모든 결제수단,"편도 6,629,500원~"
2023-08-29,여러항공사,10:55ICN,08:35CDG,+1일,"경유 1, 28시간 40분",성인/모든 결제수단,"편도 6,669,000원~"
2023-08-29,여러항공사Hop 공동운항,11:25ICN,08:35CDG,+1일,"경유 1, 28시간 10분",성인/모든 결제수단,"편도 6,716,000원~"
2023-08-29,여러항공사Hop 공동운항,11:25ICN,11:10CDG,+1일,"경유 1, 30시간 45분",성인/모든 결제수단,"편도 6,716,000원~"
2023-08-29,여러항공사Hop 공동운항,11:25ICN,13:35CDG,+1일,"경유 1, 33시간 10분",성인/모든 결제수단,"편도 6,716,000원~"
2023-08-29,에미레이트항공,23:55ICN,13:30CDG,+1일,"경유 1, 20시간 35분",성인/현대 M2/M3 Edition2(이용실적 충족시),"편도 6,896,900원~"
2023-08-29,여러항공사,10:55ICN,13:50CDG,+1일,"경유 1, 33시간 55분",성인/모든 결제수단,"편도 6,973,200원~"
2023-08-29,여러항공사,10:55ICN,11:20CDG,+1일,"경유 1, 31시간 25분",성인/모든 결제수단,"편도 6,973,200원~"
2023-08-29,일본항공대한항공 공동운항,20:30ICN,16:15CDG,+1일,"경유 1, 26시간 45분",성인/모든 결제수단,"편도 7,132,600원~"
2023-08-29,일본항공대한항공 공동운항,18:05ICN,16:15CDG,+1일,"경유 1, 29시간 10분",성인/모든 결제수단,"편도 7,147,300원~"
2023-08-29,일본항공대한항공 공동운항,10:10ICN,16:15CDG,+1일,"경유 1, 37시간 05분",성인/모든 결제수단,"편도 7,147,300원~"
2023-08-29,중국동방항공,12:55ICN,06:30CDG,+1일,"경유 1, 24시간 35분",성인/삼성 iD PET 카드,"편도 8,087,900원~"
2023-08-29,에미레이트항공대한항공 공동운항,13:40ICN,09:25CDG,+1일,"경유 1, 26시간 45분",성인/모든 결제수단,"편도 9,508,900원~"
2023-08-30,에미레이트항공,23:55ICN,20:00CDG,+1일,"경유 1, 27시간 05분",성인/현대 M2/M3 Edition2(이용실적 충족시),"편도 5,843,900원~"
2023-08-30,에미레이트항공,23:55ICN,09:25CDG,+2일,"경유 1, 40시간 30분",성인/현대 M2/M3 Edition2(이용실적 충족시),"편도 5,843,900원~"
2023-08-30,대한항공,12:20ICN,18:30CDG,"직항, 13시간 10분",,성인/현대 M2/M3 Edition2(이용실적 충족시),"편도 5,953,500원~"
2023-08-30,여러항공사Hop 공동운항,11:25ICN,21:20CDG,"경유 1, 16시간 55분",,성인/모든 결제수단,"편도 6,628,600원~"
2023-08-30,여러항공사,10:55ICN,09:25CDG,+1일,"경유 1, 29시간 30분",성인/모든 결제수단,"편도 6,629,500원~"
2023-08-30,여러항공사,10:55ICN,23:00CDG,"경유 1, 19시간 05분",,성인/모든 결제수단,"편도 6,629,500원~"
2023-08-30,여러항공사Hop 공동운항,11:25ICN,08:35CDG,+1일,"경유 1, 28시간 10분",성인/모든 결제수단,"편도 6,716,000원~"
2023-08-30,여러항공사Hop 공동운항,11:25ICN,11:10CDG,+1일,"경유 1, 30시간 45분",성인/모든 결제수단,"편도 6,716,000원~"
2023-08-30,에미레이트항공,23:55ICN,13:30CDG,+1일,"경유 1, 20시간 35분",성인/현대 M2/M3 Edition2(이용실적 충족시),"편도 6,896,900원~"
2023-08-30,여러항공사,10:55ICN,08:35CDG,+1일,"경유 1, 28시간 40분",성인/모든 결제수단,"편도 6,973,200원~"
2023-08-30,여러항공사,10:55ICN,11:20CDG,+1일,"경유 1, 31시간 25분",성인/모든 결제수단,"편도 6,973,200원~"
2023-08-30,여러항공사,10:55ICN,13:50CDG,+1일,"경유 1, 33시간 55분",성인/모든 결제수단,"편도 6,973,200원~"
2023-08-30,일본항공대한항공 공동운항,20:30ICN,16:15CDG,+1일,"경유 1, 26시간 45분",성인/모든 결제수단,"편도 7,132,600원~"
2023-08-30,일본항공대한항공 공동운항,10:10ICN,16:15CDG,+1일,"경유 1, 37시간 05분",성인/모든 결제수단,"편도 7,147,300원~"
2023-08-30,일본항공대한항공 공동운항,18:05ICN,16:15CDG,+1일,"경유 1, 29시간 10분",성인/모든 결제수단,"편도 7,147,300원~"
2023-08-31,에미레이트항공,23:55ICN,20:00CDG,+1일,"경유 1, 27시간 05분",성인/현대 M2/M3 Edition2(이용실적 충족시),"편도 5,843,900원~"
2023-08-31,에미레이트항공,23:55ICN,09:25CDG,+2일,"경유 1, 40시간 30분",성인/현대 M2/M3 Edition2(이용실적 충족시),"편도 5,843,900원~"
2023-08-31,대한항공,12:20ICN,18:30CDG,"직항, 13시간 10분",,성인/현대 M2/M3 Edition2(이용실적 충족시),"편도 5,953,500원~"
2023-08-31,여러항공사Hop 공동운항,11:25ICN,21:20CDG,"경유 1, 16시간 55분",,성인/모든 결제수단,"편도 6,628,600원~"
2023-08-31,여러항공사,10:55ICN,09:20CDG,+1일,"경유 1, 29시간 25분",성인/모든 결제수단,"편도 6,629,500원~"
2023-08-31,여러항공사,10:55ICN,22:50CDG,"경유 1, 18시간 55분",,성인/모든 결제수단,"편도 6,629,500원~"
2023-08-31,여러항공사Hop 공동운항,11:25ICN,08:35CDG,+1일,"경유 1, 28시간 10분",성인/모든 결제수단,"편도 6,716,000원~"
2023-08-31,여러항공사Hop 공동운항,11:25ICN,11:10CDG,+1일,"경유 1, 30시간 45분",성인/모든 결제수단,"편도 6,716,000원~"
2023-08-31,에미레이트항공,23:55ICN,13:30CDG,+1일,"경유 1, 20시간 35분",성인/현대 M2/M3 Edition2(이용실적 충족시),"편도 6,896,900원~"
2023-08-31,여러항공사,10:55ICN,22:00CDG,"경유 1, 18시간 05분",,성인/모든 결제수단,"편도 6,973,200원~"
2023-08-31,일본항공대한항공 공동운항,20:30ICN,16:15CDG,+1일,"경유 1, 26시간 45분",성인/모든 결제수단,"편도 7,132,600원~"
2023-08-31,일본항공대한항공 공동운항,10:10ICN,16:15CDG,+1일,"경유 1, 37시간 05분",성인/모든 결제수단,"편도 7,147,300원~"
2023-08-31,일본항공대한항공 공동운항,18:05ICN,16:15CDG,+1일,"경유 1, 29시간 10분",성인/모든 결제수단,"편도 7,147,300원~"
2023-08-31,여러항공사,11:25ICN,16:35ORY,+1일,"경유 2, 36시간 10분",성인/모든 결제수단,"편도 7,289,700원~"
2023-08-31,여러항공사,11:25ICN,20:10ORY,+1일,"경유 2, 39시간 45분",성인/모든 결제수단,"편도 7,289,700원~"
2023-08-31,여러항공사,11:25ICN,23:15CDG,+1일,"경유 2, 42시간 50분",성인/모든 결제수단,"편도 7,405,600원~"
2023-08-31,여러항공사대한항공 공동운항,20:30ICN,23:15CDG,+1일,"경유 2, 33시간 45분",성인/모든 결제수단,"편도 7,888,300원~"
