Date,Airline,Departure,Arrival,Day,time,Payment,Price
2023-06-01,에미레이트항공,11:25CDG,17:00ICN,+1일,"경유 1, 22시간 35분",성인/모든 결제수단,"편도 6,136,900원~"
2023-06-01,에미레이트항공,15:35CDG,17:00ICN,+1일,"경유 1, 18시간 25분",성인/모든 결제수단,"편도 6,136,900원~"
2023-06-01,에미레이트항공,21:55CDG,17:00ICN,+2일,"경유 1, 36시간 05분",성인/모든 결제수단,"편도 6,136,900원~"
2023-06-01,대한항공,21:00CDG,15:45ICN,+1일,"직항, 11시간 45분",성인/모든 결제수단,"편도 10,793,200원~"
2023-06-02,에미레이트항공,21:55CDG,17:00ICN,+2일,"경유 1, 36시간 05분",성인/모든 결제수단,"편도 6,089,300원~"
2023-06-02,에미레이트항공,11:25CDG,17:00ICN,+1일,"경유 1, 22시간 35분",성인/모든 결제수단,"편도 6,089,300원~"
2023-06-02,에미레이트항공,15:35CDG,17:00ICN,+1일,"경유 1, 18시간 25분",성인/모든 결제수단,"편도 6,089,300원~"
2023-06-02,대한항공,21:00CDG,15:45ICN,+1일,"직항, 11시간 45분",성인/모든 결제수단,"편도 10,793,200원~"
2023-06-02,여러항공사공동운항 정보확인필요,16:30CDG,14:10ICN,+1일,"경유 1, 14시간 40분",성인/모든 결제수단,"편도 10,905,200원~"
2023-06-02,여러항공사공동운항 정보확인필요,07:40CDG,14:10ICN,+1일,"경유 1, 23시간 30분",성인/모든 결제수단,"편도 10,905,200원~"
2023-06-02,여러항공사공동운항 정보확인필요,10:00CDG,14:10ICN,+1일,"경유 1, 21시간 10분",성인/모든 결제수단,"편도 10,945,200원~"
2023-06-02,싱가폴항공,12:00CDG,15:35ICN,+1일,"경유 1, 20시간 35분",성인/모든 결제수단,"편도 13,154,000원~"
2023-06-02,싱가폴항공,12:00CDG,07:45ICN,+2일,"경유 1, 36시간 45분",성인/모든 결제수단,"편도 13,154,000원~"
2023-06-02,싱가폴항공,12:00CDG,22:15ICN,+1일,"경유 1, 27시간 15분",성인/모든 결제수단,"편도 13,154,000원~"
2023-06-02,싱가폴항공,12:00CDG,09:50ICN,+2일,"경유 1, 38시간 50분",성인/모든 결제수단,"편도 13,154,000원~"
2023-06-02,여러항공사,12:45CDG,05:10ICN,+2일,"경유 1, 33시간 25분",성인/모든 결제수단,"편도 17,861,300원~"
2023-06-02,여러항공사,12:45CDG,05:25ICN,+2일,"경유 1, 33시간 40분",성인/모든 결제수단,"편도 20,032,400원~"
2023-06-02,캐세이퍼시픽항공,12:45CDG,14:10ICN,+1일,"경유 1, 18시간 25분",성인/모든 결제수단,"편도 20,063,000원~"
2023-06-02,캐세이퍼시픽항공,12:45CDG,21:15ICN,+1일,"경유 1, 25시간 30분",성인/모든 결제수단,"편도 20,063,000원~"
2023-06-02,캐세이퍼시픽항공,12:45CDG,19:15ICN,+1일,"경유 1, 23시간 30분",성인/모든 결제수단,"편도 20,063,000원~"
2023-06-02,여러항공사공동운항 정보확인필요,13:10CDG,05:20ICN,+2일,"경유 1, 33시간 10분",성인/모든 결제수단,"편도 21,763,600원~"
2023-06-03,에미레이트항공,11:25CDG,17:00ICN,+1일,"경유 1, 22시간 35분",성인/모든 결제수단,"편도 6,089,300원~"
2023-06-03,에미레이트항공,15:35CDG,17:00ICN,+1일,"경유 1, 18시간 25분",성인/모든 결제수단,"편도 6,089,300원~"
2023-06-03,에미레이트항공,21:55CDG,17:00ICN,+2일,"경유 1, 36시간 05분",성인/모든 결제수단,"편도 6,089,300원~"
2023-06-03,대한항공,21:00CDG,15:45ICN,+1일,"직항, 11시간 45분",성인/모든 결제수단,"편도 10,793,200원~"
2023-06-03,싱가폴항공,12:00CDG,15:35ICN,+1일,"경유 1, 20시간 35분",성인/모든 결제수단,"편도 13,154,000원~"
2023-06-03,싱가폴항공,12:00CDG,09:50ICN,+2일,"경유 1, 38시간 50분",성인/모든 결제수단,"편도 13,154,000원~"
2023-06-03,싱가폴항공,12:00CDG,07:45ICN,+2일,"경유 1, 36시간 45분",성인/모든 결제수단,"편도 13,154,000원~"
2023-06-03,싱가폴항공,12:00CDG,22:15ICN,+1일,"경유 1, 27시간 15분",성인/모든 결제수단,"편도 13,154,000원~"
2023-06-03,싱가폴항공공동운항 정보확인필요,12:00CDG,10:50ICN,+2일,"경유 1, 39시간 50분",성인/모든 결제수단,"편도 13,154,000원~"
2023-06-03,여러항공사,12:45CDG,05:10ICN,+2일,"경유 1, 33시간 25분",성인/모든 결제수단,"편도 17,861,300원~"
2023-06-03,여러항공사,12:45CDG,17:00ICN,+1일,"경유 1, 21시간 15분",성인/모든 결제수단,"편도 20,011,800원~"
2023-06-03,여러항공사,12:45CDG,05:25ICN,+2일,"경유 1, 33시간 40분",성인/모든 결제수단,"편도 20,032,400원~"
2023-06-03,캐세이퍼시픽항공,12:45CDG,14:10ICN,+1일,"경유 1, 18시간 25분",성인/모든 결제수단,"편도 20,063,000원~"
2023-06-03,캐세이퍼시픽항공,12:45CDG,12:35ICN,+1일,"경유 1, 16시간 50분",성인/모든 결제수단,"편도 20,063,000원~"
2023-06-03,캐세이퍼시픽항공,12:45CDG,19:15ICN,+1일,"경유 1, 23시간 30분",성인/모든 결제수단,"편도 20,063,000원~"
2023-06-03,캐세이퍼시픽항공,12:45CDG,21:15ICN,+1일,"경유 1, 25시간 30분",성인/모든 결제수단,"편도 20,063,000원~"
2023-06-04,에미레이트항공,15:35CDG,17:00ICN,+1일,"경유 1, 18시간 25분",성인/모든 결제수단,"편도 6,089,300원~"
2023-06-04,에미레이트항공,11:25CDG,17:00ICN,+1일,"경유 1, 22시간 35분",성인/모든 결제수단,"편도 6,089,300원~"
2023-06-04,에미레이트항공,21:55CDG,17:00ICN,+2일,"경유 1, 36시간 05분",성인/모든 결제수단,"편도 6,089,300원~"
2023-06-04,대한항공,21:00CDG,15:45ICN,+1일,"직항, 11시간 45분",성인/모든 결제수단,"편도 10,793,200원~"
2023-06-05,에미레이트항공,15:35CDG,17:00ICN,+1일,"경유 1, 18시간 25분",성인/모든 결제수단,"편도 6,089,300원~"
2023-06-05,에미레이트항공,21:55CDG,17:00ICN,+2일,"경유 1, 36시간 05분",성인/모든 결제수단,"편도 6,089,300원~"
2023-06-05,에미레이트항공,11:25CDG,17:00ICN,+1일,"경유 1, 22시간 35분",성인/모든 결제수단,"편도 6,089,300원~"
2023-06-05,캐세이퍼시픽항공,12:45CDG,21:15ICN,+1일,"경유 1, 25시간 30분",성인/모든 결제수단,"편도 8,745,200원~"
2023-06-06,에미레이트항공,11:25CDG,17:00ICN,+1일,"경유 1, 22시간 35분",성인/모든 결제수단,"편도 6,089,300원~"
2023-06-06,에미레이트항공,15:35CDG,17:00ICN,+1일,"경유 1, 18시간 25분",성인/모든 결제수단,"편도 6,089,300원~"
2023-06-06,에미레이트항공,21:55CDG,17:00ICN,+2일,"경유 1, 36시간 05분",성인/모든 결제수단,"편도 6,089,300원~"
2023-06-06,캐세이퍼시픽항공,12:45CDG,19:15ICN,+1일,"경유 1, 23시간 30분",성인/모든 결제수단,"편도 8,745,200원~"
2023-06-06,캐세이퍼시픽항공,12:45CDG,21:15ICN,+1일,"경유 1, 25시간 30분",성인/모든 결제수단,"편도 8,745,200원~"
2023-06-07,에미레이트항공,15:35CDG,17:00ICN,+1일,"경유 1, 18시간 25분",성인/모든 결제수단,"편도 6,089,300원~"
2023-06-07,에미레이트항공,11:25CDG,17:00ICN,+1일,"경유 1, 22시간 35분",성인/모든 결제수단,"편도 6,089,300원~"
2023-06-07,에미레이트항공,21:55CDG,17:00ICN,+2일,"경유 1, 36시간 05분",성인/모든 결제수단,"편도 6,089,300원~"
2023-06-07,대한항공,21:00CDG,15:45ICN,+1일,"직항, 11시간 45분",성인/모든 결제수단,"편도 10,793,200원~"
2023-06-07,여러항공사,12:45CDG,05:10ICN,+2일,"경유 1, 33시간 25분",성인/모든 결제수단,"편도 17,861,300원~"
2023-06-07,여러항공사공동운항 정보확인필요,12:15CDG,05:20ICN,+2일,"경유 1, 34시간 05분",성인/모든 결제수단,"편도 19,835,600원~"
2023-06-07,여러항공사,12:45CDG,05:25ICN,+2일,"경유 1, 33시간 40분",성인/모든 결제수단,"편도 20,032,400원~"
2023-06-07,캐세이퍼시픽항공,12:45CDG,14:10ICN,+1일,"경유 1, 18시간 25분",성인/모든 결제수단,"편도 20,063,000원~"
2023-06-07,캐세이퍼시픽항공,12:45CDG,12:35ICN,+1일,"경유 1, 16시간 50분",성인/모든 결제수단,"편도 20,063,000원~"
2023-06-07,캐세이퍼시픽항공,12:45CDG,21:15ICN,+1일,"경유 1, 25시간 30분",성인/모든 결제수단,"편도 20,063,000원~"
2023-06-07,캐세이퍼시픽항공,12:45CDG,19:15ICN,+1일,"경유 1, 23시간 30분",성인/모든 결제수단,"편도 20,063,000원~"
2023-06-07,여러항공사공동운항 정보확인필요,13:10CDG,05:20ICN,+2일,"경유 1, 33시간 10분",성인/모든 결제수단,"편도 21,763,600원~"
2023-06-08,에미레이트항공,21:55CDG,17:00ICN,+2일,"경유 1, 36시간 05분",성인/모든 결제수단,"편도 6,089,300원~"
2023-06-08,에미레이트항공,11:25CDG,17:00ICN,+1일,"경유 1, 22시간 35분",성인/모든 결제수단,"편도 6,089,300원~"
2023-06-08,에미레이트항공,15:35CDG,17:00ICN,+1일,"경유 1, 18시간 25분",성인/모든 결제수단,"편도 6,089,300원~"
2023-06-08,여러항공사공동운항 정보확인필요,16:30CDG,14:10ICN,+1일,"경유 1, 14시간 40분",성인/모든 결제수단,"편도 10,905,200원~"
2023-06-08,여러항공사,12:45CDG,05:10ICN,+2일,"경유 1, 33시간 25분",성인/모든 결제수단,"편도 17,861,300원~"
2023-06-08,여러항공사,22:00CDG,22:05GMP,+1일,"경유 1, 17시간 05분",성인/모든 결제수단,"편도 18,071,800원~"
2023-06-08,여러항공사,22:00CDG,11:45GMP,+2일,"경유 1, 30시간 45분",성인/모든 결제수단,"편도 18,071,800원~"
2023-06-08,여러항공사공동운항 정보확인필요,12:15CDG,05:20ICN,+2일,"경유 1, 34시간 05분",성인/모든 결제수단,"편도 19,835,600원~"
2023-06-08,여러항공사,12:45CDG,17:00ICN,+1일,"경유 1, 21시간 15분",성인/모든 결제수단,"편도 20,011,800원~"
2023-06-08,캐세이퍼시픽항공,12:45CDG,12:35ICN,+1일,"경유 1, 16시간 50분",성인/모든 결제수단,"편도 20,063,000원~"
2023-06-08,캐세이퍼시픽항공,12:45CDG,14:10ICN,+1일,"경유 1, 18시간 25분",성인/모든 결제수단,"편도 20,063,000원~"
2023-06-08,캐세이퍼시픽항공,12:45CDG,21:15ICN,+1일,"경유 1, 25시간 30분",성인/모든 결제수단,"편도 20,063,000원~"
2023-06-08,캐세이퍼시픽항공,12:45CDG,19:15ICN,+1일,"경유 1, 23시간 30분",성인/모든 결제수단,"편도 20,063,000원~"
2023-06-08,여러항공사공동운항 정보확인필요,13:10CDG,05:20ICN,+2일,"경유 1, 33시간 10분",성인/모든 결제수단,"편도 21,723,600원~"
2023-06-09,에미레이트항공,15:35CDG,17:00ICN,+1일,"경유 1, 18시간 25분",성인/모든 결제수단,"편도 6,089,300원~"
2023-06-09,에미레이트항공,11:25CDG,17:00ICN,+1일,"경유 1, 22시간 35분",성인/모든 결제수단,"편도 6,089,300원~"
2023-06-09,에미레이트항공,21:55CDG,17:00ICN,+2일,"경유 1, 36시간 05분",성인/모든 결제수단,"편도 7,965,800원~"
2023-06-09,여러항공사공동운항 정보확인필요,16:30CDG,14:10ICN,+1일,"경유 1, 14시간 40분",성인/모든 결제수단,"편도 10,905,200원~"
2023-06-09,여러항공사공동운항 정보확인필요,10:00CDG,14:10ICN,+1일,"경유 1, 21시간 10분",성인/모든 결제수단,"편도 10,905,200원~"
2023-06-09,여러항공사공동운항 정보확인필요,07:40CDG,14:10ICN,+1일,"경유 1, 23시간 30분",성인/모든 결제수단,"편도 10,945,200원~"
2023-06-09,싱가폴항공,12:00CDG,09:50ICN,+2일,"경유 1, 38시간 50분",성인/모든 결제수단,"편도 13,154,000원~"
2023-06-09,싱가폴항공,12:00CDG,22:15ICN,+1일,"경유 1, 27시간 15분",성인/모든 결제수단,"편도 16,438,800원~"
2023-06-09,싱가폴항공,12:00CDG,15:35ICN,+1일,"경유 1, 20시간 35분",성인/모든 결제수단,"편도 16,438,800원~"
2023-06-09,싱가폴항공,12:00CDG,07:45ICN,+2일,"경유 1, 36시간 45분",성인/모든 결제수단,"편도 16,438,800원~"
2023-06-10,에미레이트항공,15:35CDG,17:00ICN,+1일,"경유 1, 18시간 25분",성인/모든 결제수단,"편도 7,965,800원~"
2023-06-10,에미레이트항공,11:25CDG,17:00ICN,+1일,"경유 1, 22시간 35분",성인/모든 결제수단,"편도 7,965,800원~"
2023-06-10,에미레이트항공,21:55CDG,17:00ICN,+2일,"경유 1, 36시간 05분",성인/모든 결제수단,"편도 7,965,800원~"
2023-06-10,대한항공,21:00CDG,15:45ICN,+1일,"직항, 11시간 45분",성인/모든 결제수단,"편도 10,793,200원~"
2023-06-11,에미레이트항공,21:55CDG,17:00ICN,+2일,"경유 1, 36시간 05분",성인/모든 결제수단,"편도 6,089,300원~"
2023-06-11,에미레이트항공,15:35CDG,17:00ICN,+1일,"경유 1, 18시간 25분",성인/모든 결제수단,"편도 7,965,800원~"
2023-06-11,에미레이트항공,11:25CDG,17:00ICN,+1일,"경유 1, 22시간 35분",성인/모든 결제수단,"편도 7,965,800원~"
2023-06-11,대한항공,21:00CDG,15:45ICN,+1일,"직항, 11시간 45분",성인/모든 결제수단,"편도 10,793,200원~"
2023-06-12,에미레이트항공,11:25CDG,17:00ICN,+1일,"경유 1, 22시간 35분",성인/모든 결제수단,"편도 6,089,300원~"
2023-06-12,에미레이트항공,15:35CDG,17:00ICN,+1일,"경유 1, 18시간 25분",성인/모든 결제수단,"편도 6,089,300원~"
2023-06-12,에미레이트항공,21:55CDG,17:00ICN,+2일,"경유 1, 36시간 05분",성인/모든 결제수단,"편도 6,089,300원~"
2023-06-12,대한항공,21:00CDG,15:45ICN,+1일,"직항, 11시간 45분",성인/모든 결제수단,"편도 10,793,200원~"
2023-06-13,에미레이트항공,15:35CDG,17:00ICN,+1일,"경유 1, 18시간 25분",성인/모든 결제수단,"편도 6,089,300원~"
2023-06-13,에미레이트항공,21:55CDG,17:00ICN,+2일,"경유 1, 36시간 05분",성인/모든 결제수단,"편도 6,089,300원~"
2023-06-13,에미레이트항공,11:25CDG,17:00ICN,+1일,"경유 1, 22시간 35분",성인/모든 결제수단,"편도 6,089,300원~"
2023-06-13,대한항공,17:50CDG,12:40ICN,+1일,"직항, 11시간 50분",성인/모든 결제수단,"편도 10,793,200원~"
2023-06-13,대한항공,21:00CDG,15:45ICN,+1일,"직항, 11시간 45분",성인/모든 결제수단,"편도 10,793,200원~"
2023-06-14,에미레이트항공,11:25CDG,17:00ICN,+1일,"경유 1, 22시간 35분",성인/모든 결제수단,"편도 6,089,300원~"
2023-06-14,에미레이트항공,15:35CDG,17:00ICN,+1일,"경유 1, 18시간 25분",성인/모든 결제수단,"편도 6,089,300원~"
2023-06-14,에미레이트항공,21:55CDG,17:00ICN,+2일,"경유 1, 36시간 05분",성인/모든 결제수단,"편도 6,089,300원~"
2023-06-14,대한항공,21:00CDG,15:45ICN,+1일,"직항, 11시간 45분",성인/모든 결제수단,"편도 10,793,200원~"
2023-06-14,여러항공사,12:45CDG,05:10ICN,+2일,"경유 1, 33시간 25분",성인/모든 결제수단,"편도 17,861,300원~"
2023-06-14,여러항공사공동운항 정보확인필요,12:15CDG,05:20ICN,+2일,"경유 1, 34시간 05분",성인/모든 결제수단,"편도 19,835,600원~"
2023-06-14,여러항공사,12:45CDG,05:25ICN,+2일,"경유 1, 33시간 40분",성인/모든 결제수단,"편도 20,032,400원~"
2023-06-14,캐세이퍼시픽항공,12:45CDG,19:15ICN,+1일,"경유 1, 23시간 30분",성인/모든 결제수단,"편도 20,063,000원~"
2023-06-14,캐세이퍼시픽항공,12:45CDG,21:15ICN,+1일,"경유 1, 25시간 30분",성인/모든 결제수단,"편도 20,063,000원~"
2023-06-14,캐세이퍼시픽항공,12:45CDG,12:35ICN,+1일,"경유 1, 16시간 50분",성인/모든 결제수단,"편도 20,063,000원~"
2023-06-14,캐세이퍼시픽항공,12:45CDG,14:10ICN,+1일,"경유 1, 18시간 25분",성인/모든 결제수단,"편도 20,063,000원~"
2023-06-15,에미레이트항공,21:55CDG,17:00ICN,+2일,"경유 1, 36시간 05분",성인/모든 결제수단,"편도 6,089,300원~"
2023-06-15,에미레이트항공,11:25CDG,17:00ICN,+1일,"경유 1, 22시간 35분",성인/모든 결제수단,"편도 6,089,300원~"
2023-06-15,에미레이트항공,15:35CDG,17:00ICN,+1일,"경유 1, 18시간 25분",성인/모든 결제수단,"편도 6,089,300원~"
2023-06-15,대한항공,21:00CDG,15:45ICN,+1일,"직항, 11시간 45분",성인/모든 결제수단,"편도 10,793,200원~"
2023-06-15,여러항공사공동운항 정보확인필요,16:30CDG,14:10ICN,+1일,"경유 1, 14시간 40분",성인/모든 결제수단,"편도 10,905,200원~"
2023-06-15,여러항공사공동운항 정보확인필요,10:00CDG,14:10ICN,+1일,"경유 1, 21시간 10분",성인/모든 결제수단,"편도 10,905,200원~"
2023-06-15,여러항공사,12:45CDG,05:10ICN,+2일,"경유 1, 33시간 25분",성인/모든 결제수단,"편도 17,902,200원~"
2023-06-15,여러항공사,22:00CDG,22:05GMP,+1일,"경유 1, 17시간 05분",성인/모든 결제수단,"편도 18,071,800원~"
2023-06-15,여러항공사,22:00CDG,11:45GMP,+2일,"경유 1, 30시간 45분",성인/모든 결제수단,"편도 18,071,800원~"
2023-06-15,여러항공사,22:00CDG,04:35ICN,+2일,"경유 1, 23시간 35분",성인/모든 결제수단,"편도 18,071,800원~"
2023-06-15,여러항공사,22:00CDG,14:45GMP,+2일,"경유 1, 33시간 45분",성인/모든 결제수단,"편도 18,111,800원~"
2023-06-15,캐세이퍼시픽항공,12:45CDG,14:10ICN,+1일,"경유 1, 18시간 25분",성인/모든 결제수단,"편도 20,063,000원~"
2023-06-15,캐세이퍼시픽항공,12:45CDG,12:35ICN,+1일,"경유 1, 16시간 50분",성인/모든 결제수단,"편도 20,063,000원~"
2023-06-15,캐세이퍼시픽항공,12:45CDG,21:15ICN,+1일,"경유 1, 25시간 30분",성인/모든 결제수단,"편도 20,063,000원~"
2023-06-15,캐세이퍼시픽항공,12:45CDG,19:15ICN,+1일,"경유 1, 23시간 30분",성인/모든 결제수단,"편도 20,063,000원~"
2023-06-16,에미레이트항공,11:25CDG,17:00ICN,+1일,"경유 1, 22시간 35분",성인/모든 결제수단,"편도 6,089,300원~"
2023-06-16,에미레이트항공,15:35CDG,17:00ICN,+1일,"경유 1, 18시간 25분",성인/모든 결제수단,"편도 6,089,300원~"
2023-06-16,에미레이트항공,21:55CDG,17:00ICN,+2일,"경유 1, 36시간 05분",성인/모든 결제수단,"편도 6,089,300원~"
2023-06-16,싱가폴항공,12:00CDG,09:50ICN,+2일,"경유 1, 38시간 50분",성인/모든 결제수단,"편도 13,154,000원~"
2023-06-16,싱가폴항공,12:00CDG,15:35ICN,+1일,"경유 1, 20시간 35분",성인/모든 결제수단,"편도 13,154,000원~"
2023-06-16,싱가폴항공,12:00CDG,07:45ICN,+2일,"경유 1, 36시간 45분",성인/모든 결제수단,"편도 13,154,000원~"
2023-06-16,싱가폴항공,12:00CDG,22:15ICN,+1일,"경유 1, 27시간 15분",성인/모든 결제수단,"편도 13,154,000원~"
2023-06-16,여러항공사,12:45CDG,05:10ICN,+2일,"경유 1, 33시간 25분",성인/모든 결제수단,"편도 17,861,300원~"
2023-06-16,여러항공사,12:45CDG,05:25ICN,+2일,"경유 1, 33시간 40분",성인/모든 결제수단,"편도 20,032,400원~"
2023-06-16,캐세이퍼시픽항공,12:45CDG,14:10ICN,+1일,"경유 1, 18시간 25분",성인/모든 결제수단,"편도 20,063,000원~"
2023-06-16,캐세이퍼시픽항공,12:45CDG,19:15ICN,+1일,"경유 1, 23시간 30분",성인/모든 결제수단,"편도 20,063,000원~"
2023-06-16,캐세이퍼시픽항공,12:45CDG,21:15ICN,+1일,"경유 1, 25시간 30분",성인/모든 결제수단,"편도 20,063,000원~"
2023-06-17,에미레이트항공,21:55CDG,17:00ICN,+2일,"경유 1, 36시간 05분",성인/모든 결제수단,"편도 6,089,300원~"
2023-06-17,에미레이트항공,15:35CDG,17:00ICN,+1일,"경유 1, 18시간 25분",성인/모든 결제수단,"편도 6,089,300원~"
2023-06-17,에미레이트항공,11:25CDG,17:00ICN,+1일,"경유 1, 22시간 35분",성인/모든 결제수단,"편도 6,089,300원~"
2023-06-17,싱가폴항공공동운항 정보확인필요,12:00CDG,10:50ICN,+2일,"경유 1, 39시간 50분",성인/모든 결제수단,"편도 13,154,000원~"
2023-06-17,싱가폴항공,12:00CDG,09:50ICN,+2일,"경유 1, 38시간 50분",성인/모든 결제수단,"편도 13,154,000원~"
2023-06-17,싱가폴항공,12:00CDG,22:15ICN,+1일,"경유 1, 27시간 15분",성인/모든 결제수단,"편도 13,154,000원~"
2023-06-17,싱가폴항공,12:00CDG,07:45ICN,+2일,"경유 1, 36시간 45분",성인/모든 결제수단,"편도 13,154,000원~"
2023-06-17,싱가폴항공,12:00CDG,15:35ICN,+1일,"경유 1, 20시간 35분",성인/모든 결제수단,"편도 13,154,000원~"
2023-06-17,여러항공사싱가폴항공 공동운항,12:00CDG,15:35ICN,+1일,"경유 1, 20시간 35분",성인/모든 결제수단,"편도 17,376,200원~"
2023-06-18,에미레이트항공,15:35CDG,17:00ICN,+1일,"경유 1, 18시간 25분",성인/모든 결제수단,"편도 6,136,900원~"
2023-06-18,에미레이트항공,21:55CDG,17:00ICN,+2일,"경유 1, 36시간 05분",성인/모든 결제수단,"편도 6,136,900원~"
2023-06-18,에미레이트항공,11:25CDG,17:00ICN,+1일,"경유 1, 22시간 35분",성인/모든 결제수단,"편도 6,136,900원~"
2023-06-18,대한항공,21:00CDG,15:45ICN,+1일,"직항, 11시간 45분",성인/모든 결제수단,"편도 10,793,200원~"
2023-06-19,에미레이트항공,11:25CDG,17:00ICN,+1일,"경유 1, 22시간 35분",성인/모든 결제수단,"편도 6,089,300원~"
2023-06-19,에미레이트항공,21:55CDG,17:00ICN,+2일,"경유 1, 36시간 05분",성인/모든 결제수단,"편도 6,089,300원~"
2023-06-19,대한항공,21:00CDG,15:45ICN,+1일,"직항, 11시간 45분",성인/모든 결제수단,"편도 10,793,200원~"
2023-06-19,여러항공사,12:45CDG,05:10ICN,+2일,"경유 1, 33시간 25분",성인/모든 결제수단,"편도 17,902,200원~"
2023-06-19,여러항공사,12:45CDG,05:25ICN,+2일,"경유 1, 33시간 40분",성인/모든 결제수단,"편도 20,032,400원~"
2023-06-19,캐세이퍼시픽항공,12:45CDG,21:15ICN,+1일,"경유 1, 25시간 30분",성인/모든 결제수단,"편도 20,063,000원~"
2023-06-19,캐세이퍼시픽항공,12:45CDG,14:10ICN,+1일,"경유 1, 18시간 25분",성인/모든 결제수단,"편도 20,063,000원~"
2023-06-19,캐세이퍼시픽항공,12:45CDG,19:15ICN,+1일,"경유 1, 23시간 30분",성인/모든 결제수단,"편도 20,063,000원~"
2023-06-20,에미레이트항공,11:25CDG,17:00ICN,+1일,"경유 1, 22시간 35분",성인/모든 결제수단,"편도 6,089,300원~"
2023-06-20,에미레이트항공,15:35CDG,17:00ICN,+1일,"경유 1, 18시간 25분",성인/모든 결제수단,"편도 6,089,300원~"
2023-06-20,에미레이트항공,21:55CDG,17:00ICN,+2일,"경유 1, 36시간 05분",성인/모든 결제수단,"편도 6,089,300원~"
2023-06-20,대한항공,17:50CDG,12:40ICN,+1일,"직항, 11시간 50분",성인/모든 결제수단,"편도 10,793,200원~"
2023-06-21,에미레이트항공,11:25CDG,17:00ICN,+1일,"경유 1, 22시간 35분",성인/모든 결제수단,"편도 6,089,300원~"
2023-06-21,에미레이트항공,15:35CDG,17:00ICN,+1일,"경유 1, 18시간 25분",성인/모든 결제수단,"편도 6,089,300원~"
2023-06-21,에미레이트항공,21:55CDG,17:00ICN,+2일,"경유 1, 36시간 05분",성인/모든 결제수단,"편도 6,089,300원~"
2023-06-22,에미레이트항공,15:35CDG,17:00ICN,+1일,"경유 1, 18시간 25분",성인/모든 결제수단,"편도 6,089,300원~"
2023-06-22,에미레이트항공,21:55CDG,17:00ICN,+2일,"경유 1, 36시간 05분",성인/모든 결제수단,"편도 6,089,300원~"
2023-06-22,에미레이트항공,11:25CDG,17:00ICN,+1일,"경유 1, 22시간 35분",성인/모든 결제수단,"편도 6,089,300원~"
2023-06-23,에미레이트항공,21:55CDG,17:00ICN,+2일,"경유 1, 36시간 05분",성인/모든 결제수단,"편도 6,089,300원~"
2023-06-23,에미레이트항공,11:25CDG,17:00ICN,+1일,"경유 1, 22시간 35분",성인/모든 결제수단,"편도 6,089,300원~"
2023-06-23,에미레이트항공,15:35CDG,17:00ICN,+1일,"경유 1, 18시간 25분",성인/모든 결제수단,"편도 6,089,300원~"
2023-06-23,대한항공,21:00CDG,15:45ICN,+1일,"직항, 11시간 45분",성인/모든 결제수단,"편도 10,793,200원~"
2023-06-24,에미레이트항공,21:55CDG,17:00ICN,+2일,"경유 1, 36시간 05분",성인/모든 결제수단,"편도 6,089,300원~"
2023-06-24,에미레이트항공,11:25CDG,17:00ICN,+1일,"경유 1, 22시간 35분",성인/모든 결제수단,"편도 6,089,300원~"
2023-06-24,에미레이트항공,15:35CDG,17:00ICN,+1일,"경유 1, 18시간 25분",성인/모든 결제수단,"편도 6,089,300원~"
2023-06-24,대한항공,21:00CDG,15:45ICN,+1일,"직항, 11시간 45분",성인/모든 결제수단,"편도 10,793,200원~"
2023-06-24,싱가폴항공공동운항 정보확인필요,12:00CDG,10:50ICN,+2일,"경유 1, 39시간 50분",성인/모든 결제수단,"편도 13,154,000원~"
2023-06-24,싱가폴항공,12:00CDG,15:35ICN,+1일,"경유 1, 20시간 35분",성인/모든 결제수단,"편도 13,154,000원~"
2023-06-24,싱가폴항공,12:00CDG,09:50ICN,+2일,"경유 1, 38시간 50분",성인/모든 결제수단,"편도 13,154,000원~"
2023-06-24,싱가폴항공,12:00CDG,07:45ICN,+2일,"경유 1, 36시간 45분",성인/모든 결제수단,"편도 13,154,000원~"
2023-06-24,싱가폴항공,12:00CDG,22:15ICN,+1일,"경유 1, 27시간 15분",성인/모든 결제수단,"편도 13,154,000원~"
2023-06-24,여러항공사싱가폴항공 공동운항,12:00CDG,15:35ICN,+1일,"경유 1, 20시간 35분",성인/모든 결제수단,"편도 17,376,200원~"
2023-06-24,ANA항공 공동운항 정보확인필요,09:35CDG,14:25GMP,+1일,"경유 2, 21시간 50분",성인/모든 결제수단,"편도 17,711,000원~"
2023-06-24,여러항공사,12:45CDG,05:10ICN,+2일,"경유 1, 33시간 25분",성인/모든 결제수단,"편도 17,861,300원~"
2023-06-24,여러항공사,22:00CDG,22:25GMP,+1일,"경유 1, 17시간 25분",성인/모든 결제수단,"편도 18,071,800원~"
2023-06-24,여러항공사,22:00CDG,22:05GMP,+1일,"경유 1, 17시간 05분",성인/모든 결제수단,"편도 18,071,800원~"
2023-06-24,여러항공사,12:45CDG,05:25ICN,+2일,"경유 1, 33시간 40분",성인/모든 결제수단,"편도 20,047,900원~"
2023-06-24,캐세이퍼시픽항공,12:45CDG,14:10ICN,+1일,"경유 1, 18시간 25분",성인/모든 결제수단,"편도 20,063,000원~"
2023-06-24,캐세이퍼시픽항공,12:45CDG,12:35ICN,+1일,"경유 1, 16시간 50분",성인/모든 결제수단,"편도 20,063,000원~"
2023-06-24,캐세이퍼시픽항공,12:45CDG,19:15ICN,+1일,"경유 1, 23시간 30분",성인/모든 결제수단,"편도 20,063,000원~"
2023-06-24,캐세이퍼시픽항공,12:45CDG,21:15ICN,+1일,"경유 1, 25시간 30분",성인/모든 결제수단,"편도 20,063,000원~"
2023-06-25,에미레이트항공,15:35CDG,17:00ICN,+1일,"경유 1, 18시간 25분",성인/모든 결제수단,"편도 6,089,300원~"
2023-06-25,에미레이트항공,11:25CDG,17:00ICN,+1일,"경유 1, 22시간 35분",성인/모든 결제수단,"편도 6,089,300원~"
2023-06-25,에미레이트항공,21:55CDG,17:00ICN,+2일,"경유 1, 36시간 05분",성인/모든 결제수단,"편도 6,089,300원~"
2023-06-25,대한항공,21:00CDG,15:45ICN,+1일,"직항, 11시간 45분",성인/모든 결제수단,"편도 10,793,200원~"
2023-06-25,여러항공사,12:45CDG,05:10ICN,+2일,"경유 1, 33시간 25분",성인/모든 결제수단,"편도 17,810,300원~"
2023-06-25,여러항공사,12:45CDG,17:00ICN,+1일,"경유 1, 21시간 15분",성인/모든 결제수단,"편도 20,011,800원~"
2023-06-25,여러항공사,12:45CDG,05:25ICN,+2일,"경유 1, 33시간 40분",성인/모든 결제수단,"편도 20,032,400원~"
2023-06-25,캐세이퍼시픽항공,12:45CDG,14:10ICN,+1일,"경유 1, 18시간 25분",성인/모든 결제수단,"편도 20,063,000원~"
2023-06-25,캐세이퍼시픽항공,12:45CDG,19:15ICN,+1일,"경유 1, 23시간 30분",성인/모든 결제수단,"편도 20,063,000원~"
2023-06-25,캐세이퍼시픽항공,12:45CDG,21:15ICN,+1일,"경유 1, 25시간 30분",성인/모든 결제수단,"편도 20,063,000원~"
2023-06-26,에미레이트항공,21:55CDG,17:00ICN,+2일,"경유 1, 36시간 05분",성인/모든 결제수단,"편도 6,089,300원~"
2023-06-26,에미레이트항공,15:35CDG,17:00ICN,+1일,"경유 1, 18시간 25분",성인/모든 결제수단,"편도 6,089,300원~"
2023-06-26,에미레이트항공,11:25CDG,17:00ICN,+1일,"경유 1, 22시간 35분",성인/모든 결제수단,"편도 6,089,300원~"
2023-06-26,대한항공,21:00CDG,15:45ICN,+1일,"직항, 11시간 45분",성인/모든 결제수단,"편도 10,793,200원~"
2023-06-26,싱가폴항공,12:00CDG,07:45ICN,+2일,"경유 1, 36시간 45분",성인/모든 결제수단,"편도 13,154,000원~"
2023-06-26,싱가폴항공,12:00CDG,22:15ICN,+1일,"경유 1, 27시간 15분",성인/모든 결제수단,"편도 13,154,000원~"
2023-06-26,싱가폴항공,12:00CDG,09:50ICN,+2일,"경유 1, 38시간 50분",성인/모든 결제수단,"편도 13,154,000원~"
2023-06-26,싱가폴항공,12:00CDG,15:35ICN,+1일,"경유 1, 20시간 35분",성인/모든 결제수단,"편도 13,154,000원~"
2023-06-26,여러항공사,12:00CDG,06:30ICN,+2일,"경유 1, 35시간 30분",성인/모든 결제수단,"편도 15,294,200원~"
2023-06-26,여러항공사싱가폴항공 공동운항,12:00CDG,22:15ICN,+1일,"경유 1, 27시간 15분",성인/모든 결제수단,"편도 17,376,200원~"
2023-06-26,여러항공사,12:45CDG,05:10ICN,+2일,"경유 1, 33시간 25분",성인/모든 결제수단,"편도 17,810,300원~"
2023-06-26,여러항공사,22:00CDG,14:45GMP,+2일,"경유 1, 33시간 45분",성인/모든 결제수단,"편도 18,071,800원~"
2023-06-26,여러항공사,22:00CDG,22:05GMP,+1일,"경유 1, 17시간 05분",성인/모든 결제수단,"편도 18,071,800원~"
2023-06-26,여러항공사,22:00CDG,11:45GMP,+2일,"경유 1, 30시간 45분",성인/모든 결제수단,"편도 18,111,800원~"
2023-06-26,여러항공사,12:45CDG,05:25ICN,+2일,"경유 1, 33시간 40분",성인/모든 결제수단,"편도 20,047,900원~"
2023-06-26,캐세이퍼시픽항공,12:45CDG,21:15ICN,+1일,"경유 1, 25시간 30분",성인/모든 결제수단,"편도 20,063,000원~"
2023-06-26,캐세이퍼시픽항공,12:45CDG,19:15ICN,+1일,"경유 1, 23시간 30분",성인/모든 결제수단,"편도 20,063,000원~"
2023-06-26,캐세이퍼시픽항공,12:45CDG,14:10ICN,+1일,"경유 1, 18시간 25분",성인/모든 결제수단,"편도 20,063,000원~"
2023-06-27,에미레이트항공,11:25CDG,17:00ICN,+1일,"경유 1, 22시간 35분",성인/모든 결제수단,"편도 6,089,300원~"
2023-06-27,에미레이트항공,21:55CDG,17:00ICN,+2일,"경유 1, 36시간 05분",성인/모든 결제수단,"편도 6,089,300원~"
2023-06-27,에미레이트항공,15:35CDG,17:00ICN,+1일,"경유 1, 18시간 25분",성인/모든 결제수단,"편도 6,089,300원~"
2023-06-27,대한항공,17:50CDG,12:40ICN,+1일,"직항, 11시간 50분",성인/모든 결제수단,"편도 10,793,200원~"
2023-06-27,대한항공,21:00CDG,15:45ICN,+1일,"직항, 11시간 45분",성인/모든 결제수단,"편도 10,793,200원~"
2023-06-27,여러항공사공동운항 정보확인필요,07:40CDG,14:10ICN,+1일,"경유 1, 23시간 30분",성인/모든 결제수단,"편도 10,905,200원~"
2023-06-27,여러항공사공동운항 정보확인필요,16:30CDG,14:10ICN,+1일,"경유 1, 14시간 40분",성인/모든 결제수단,"편도 10,905,200원~"
2023-06-27,싱가폴항공,12:00CDG,09:50ICN,+2일,"경유 1, 38시간 50분",성인/모든 결제수단,"편도 13,154,000원~"
2023-06-27,싱가폴항공,12:00CDG,07:45ICN,+2일,"경유 1, 36시간 45분",성인/모든 결제수단,"편도 13,154,000원~"
2023-06-27,싱가폴항공,12:00CDG,22:15ICN,+1일,"경유 1, 27시간 15분",성인/모든 결제수단,"편도 13,154,000원~"
2023-06-27,싱가폴항공공동운항 정보확인필요,12:00CDG,10:50ICN,+2일,"경유 1, 39시간 50분",성인/모든 결제수단,"편도 13,154,000원~"
2023-06-27,싱가폴항공,12:00CDG,15:35ICN,+1일,"경유 1, 20시간 35분",성인/모든 결제수단,"편도 13,154,000원~"
2023-06-27,여러항공사,12:00CDG,06:30ICN,+2일,"경유 1, 35시간 30분",성인/모든 결제수단,"편도 15,294,200원~"
2023-06-27,여러항공사싱가폴항공 공동운항,12:00CDG,15:35ICN,+1일,"경유 1, 20시간 35분",성인/모든 결제수단,"편도 17,376,200원~"
2023-06-27,여러항공사,12:45CDG,05:10ICN,+2일,"경유 1, 33시간 25분",성인/모든 결제수단,"편도 17,810,300원~"
2023-06-27,여러항공사,12:45CDG,17:00ICN,+1일,"경유 1, 21시간 15분",성인/모든 결제수단,"편도 20,011,800원~"
2023-06-27,여러항공사,12:45CDG,05:25ICN,+2일,"경유 1, 33시간 40분",성인/모든 결제수단,"편도 20,047,900원~"
2023-06-27,캐세이퍼시픽항공,12:45CDG,19:15ICN,+1일,"경유 1, 23시간 30분",성인/모든 결제수단,"편도 20,063,000원~"
2023-06-27,캐세이퍼시픽항공,12:45CDG,21:15ICN,+1일,"경유 1, 25시간 30분",성인/모든 결제수단,"편도 20,063,000원~"
2023-06-27,캐세이퍼시픽항공,12:45CDG,14:10ICN,+1일,"경유 1, 18시간 25분",성인/모든 결제수단,"편도 20,063,000원~"
2023-06-28,에미레이트항공,11:25CDG,17:00ICN,+1일,"경유 1, 22시간 35분",성인/모든 결제수단,"편도 6,089,300원~"
2023-06-28,에미레이트항공,21:55CDG,17:00ICN,+2일,"경유 1, 36시간 05분",성인/모든 결제수단,"편도 6,089,300원~"
2023-06-28,에미레이트항공,15:35CDG,17:00ICN,+1일,"경유 1, 18시간 25분",성인/모든 결제수단,"편도 6,089,300원~"
2023-06-28,대한항공,21:00CDG,15:45ICN,+1일,"직항, 11시간 45분",성인/모든 결제수단,"편도 10,793,200원~"
2023-06-28,여러항공사,12:45CDG,05:10ICN,+2일,"경유 1, 33시간 25분",성인/모든 결제수단,"편도 17,861,300원~"
2023-06-28,여러항공사,22:00CDG,22:05GMP,+1일,"경유 1, 17시간 05분",성인/모든 결제수단,"편도 18,071,800원~"
2023-06-28,여러항공사,22:00CDG,11:45GMP,+2일,"경유 1, 30시간 45분",성인/모든 결제수단,"편도 18,071,800원~"
2023-06-28,여러항공사,22:00CDG,14:45GMP,+2일,"경유 1, 33시간 45분",성인/모든 결제수단,"편도 18,071,800원~"
2023-06-28,여러항공사,12:45CDG,05:25ICN,+2일,"경유 1, 33시간 40분",성인/모든 결제수단,"편도 20,032,400원~"
2023-06-28,캐세이퍼시픽항공,12:45CDG,14:10ICN,+1일,"경유 1, 18시간 25분",성인/모든 결제수단,"편도 20,063,000원~"
2023-06-28,캐세이퍼시픽항공,12:45CDG,12:35ICN,+1일,"경유 1, 16시간 50분",성인/모든 결제수단,"편도 20,063,000원~"
2023-06-28,캐세이퍼시픽항공,12:45CDG,21:15ICN,+1일,"경유 1, 25시간 30분",성인/모든 결제수단,"편도 20,063,000원~"
2023-06-28,캐세이퍼시픽항공,12:45CDG,19:15ICN,+1일,"경유 1, 23시간 30분",성인/모든 결제수단,"편도 20,063,000원~"
2023-06-29,에미레이트항공,11:25CDG,17:00ICN,+1일,"경유 1, 22시간 35분",성인/모든 결제수단,"편도 6,089,300원~"
2023-06-29,에미레이트항공,15:35CDG,17:00ICN,+1일,"경유 1, 18시간 25분",성인/모든 결제수단,"편도 6,089,300원~"
2023-06-29,에미레이트항공,21:55CDG,17:00ICN,+2일,"경유 1, 36시간 05분",성인/모든 결제수단,"편도 6,089,300원~"
2023-06-29,대한항공,21:00CDG,15:45ICN,+1일,"직항, 11시간 45분",성인/모든 결제수단,"편도 10,793,200원~"
2023-06-29,여러항공사공동운항 정보확인필요,16:30CDG,14:10ICN,+1일,"경유 1, 14시간 40분",성인/모든 결제수단,"편도 10,905,200원~"
2023-06-29,ANA항공 공동운항 정보확인필요,09:35CDG,14:25GMP,+1일,"경유 2, 21시간 50분",성인/모든 결제수단,"편도 17,671,000원~"
2023-06-29,ANA항공 공동운항 정보확인필요,09:35CDG,14:25GMP,+1일,"경유 2, 21시간 50분",성인/모든 결제수단,"편도 17,671,000원~"
2023-06-29,여러항공사,12:45CDG,05:10ICN,+2일,"경유 1, 33시간 25분",성인/모든 결제수단,"편도 17,861,300원~"
2023-06-29,캐세이퍼시픽항공,12:45CDG,19:15ICN,+1일,"경유 1, 23시간 30분",성인/모든 결제수단,"편도 20,063,000원~"
2023-06-29,캐세이퍼시픽항공,12:45CDG,12:35ICN,+1일,"경유 1, 16시간 50분",성인/모든 결제수단,"편도 20,063,000원~"
2023-06-29,캐세이퍼시픽항공,12:45CDG,14:10ICN,+1일,"경유 1, 18시간 25분",성인/모든 결제수단,"편도 20,063,000원~"
2023-06-29,캐세이퍼시픽항공,12:45CDG,21:15ICN,+1일,"경유 1, 25시간 30분",성인/모든 결제수단,"편도 20,063,000원~"
2023-06-30,에미레이트항공,11:25CDG,17:00ICN,+1일,"경유 1, 22시간 35분",성인/모든 결제수단,"편도 6,089,300원~"
2023-06-30,에미레이트항공,15:35CDG,17:00ICN,+1일,"경유 1, 18시간 25분",성인/모든 결제수단,"편도 6,089,300원~"
2023-06-30,에미레이트항공,21:55CDG,17:00ICN,+2일,"경유 1, 36시간 05분",성인/모든 결제수단,"편도 6,089,300원~"
2023-07-01,에미레이트항공,21:55CDG,17:00ICN,+2일,"경유 1, 36시간 05분",성인/모든 결제수단,"편도 6,089,300원~"
2023-07-01,에미레이트항공,15:35CDG,17:00ICN,+1일,"경유 1, 18시간 25분",성인/모든 결제수단,"편도 6,089,300원~"
2023-07-01,에미레이트항공,11:25CDG,17:00ICN,+1일,"경유 1, 22시간 35분",성인/모든 결제수단,"편도 6,089,300원~"
2023-07-01,대한항공,21:00CDG,15:00ICN,+1일,"직항, 11시간 00분",성인/모든 결제수단,"편도 10,793,200원~"
2023-07-01,싱가폴항공공동운항 정보확인필요,12:00CDG,10:50ICN,+2일,"경유 1, 39시간 50분",성인/모든 결제수단,"편도 13,154,000원~"
2023-07-01,ANA항공 공동운항 정보확인필요,09:35CDG,14:25GMP,+1일,"경유 2, 21시간 50분",성인/모든 결제수단,"편도 17,711,000원~"
2023-07-01,여러항공사,12:45CDG,05:10ICN,+2일,"경유 1, 33시간 25분",성인/모든 결제수단,"편도 17,861,300원~"
2023-07-01,여러항공사,22:00CDG,14:45GMP,+2일,"경유 1, 33시간 45분",성인/모든 결제수단,"편도 18,071,800원~"
2023-07-01,여러항공사,22:00CDG,22:05GMP,+1일,"경유 1, 17시간 05분",성인/모든 결제수단,"편도 18,071,800원~"
2023-07-01,여러항공사,12:45CDG,05:25ICN,+2일,"경유 1, 33시간 40분",성인/모든 결제수단,"편도 20,032,400원~"
2023-07-01,캐세이퍼시픽항공,12:45CDG,21:15ICN,+1일,"경유 1, 25시간 30분",성인/모든 결제수단,"편도 20,063,000원~"
2023-07-01,캐세이퍼시픽항공,12:45CDG,19:15ICN,+1일,"경유 1, 23시간 30분",성인/모든 결제수단,"편도 20,063,000원~"
2023-07-01,캐세이퍼시픽항공,12:45CDG,12:35ICN,+1일,"경유 1, 16시간 50분",성인/모든 결제수단,"편도 20,063,000원~"
2023-07-01,캐세이퍼시픽항공,12:45CDG,14:10ICN,+1일,"경유 1, 18시간 25분",성인/모든 결제수단,"편도 20,063,000원~"
2023-07-02,에미레이트항공,11:25CDG,17:00ICN,+1일,"경유 1, 22시간 35분",성인/모든 결제수단,"편도 6,089,300원~"
2023-07-02,에미레이트항공,21:55CDG,17:00ICN,+2일,"경유 1, 36시간 05분",성인/모든 결제수단,"편도 6,089,300원~"
2023-07-02,에미레이트항공,15:35CDG,17:00ICN,+1일,"경유 1, 18시간 25분",성인/모든 결제수단,"편도 6,089,300원~"
2023-07-02,대한항공,21:00CDG,15:00ICN,+1일,"직항, 11시간 00분",성인/모든 결제수단,"편도 10,793,200원~"
2023-07-02,여러항공사,12:45CDG,05:10ICN,+2일,"경유 1, 33시간 25분",성인/모든 결제수단,"편도 17,902,200원~"
2023-07-02,여러항공사,12:45CDG,05:25ICN,+2일,"경유 1, 33시간 40분",성인/모든 결제수단,"편도 20,032,400원~"
2023-07-02,캐세이퍼시픽항공,12:45CDG,19:15ICN,+1일,"경유 1, 23시간 30분",성인/모든 결제수단,"편도 20,063,000원~"
2023-07-02,캐세이퍼시픽항공,12:45CDG,21:15ICN,+1일,"경유 1, 25시간 30분",성인/모든 결제수단,"편도 20,063,000원~"
2023-07-02,캐세이퍼시픽항공,12:45CDG,14:10ICN,+1일,"경유 1, 18시간 25분",성인/모든 결제수단,"편도 20,063,000원~"
2023-07-03,에미레이트항공,15:35CDG,17:00ICN,+1일,"경유 1, 18시간 25분",성인/모든 결제수단,"편도 6,089,300원~"
2023-07-03,에미레이트항공,11:25CDG,17:00ICN,+1일,"경유 1, 22시간 35분",성인/모든 결제수단,"편도 6,089,300원~"
2023-07-03,에미레이트항공,21:55CDG,17:00ICN,+2일,"경유 1, 36시간 05분",성인/모든 결제수단,"편도 6,089,300원~"
2023-07-03,대한항공,21:00CDG,15:00ICN,+1일,"직항, 11시간 00분",성인/모든 결제수단,"편도 10,793,200원~"
2023-07-03,여러항공사,12:45CDG,05:10ICN,+2일,"경유 1, 33시간 25분",성인/모든 결제수단,"편도 17,810,300원~"
2023-07-03,여러항공사,12:45CDG,17:00ICN,+1일,"경유 1, 21시간 15분",성인/모든 결제수단,"편도 20,011,800원~"
2023-07-03,여러항공사,12:45CDG,05:25ICN,+2일,"경유 1, 33시간 40분",성인/모든 결제수단,"편도 20,047,900원~"
2023-07-03,캐세이퍼시픽항공,12:45CDG,19:15ICN,+1일,"경유 1, 23시간 30분",성인/모든 결제수단,"편도 20,063,000원~"
2023-07-03,캐세이퍼시픽항공,12:45CDG,21:15ICN,+1일,"경유 1, 25시간 30분",성인/모든 결제수단,"편도 20,063,000원~"
2023-07-03,캐세이퍼시픽항공,12:45CDG,14:10ICN,+1일,"경유 1, 18시간 25분",성인/모든 결제수단,"편도 20,063,000원~"
2023-07-04,에미레이트항공,11:25CDG,17:00ICN,+1일,"경유 1, 22시간 35분",성인/모든 결제수단,"편도 6,089,300원~"
2023-07-04,에미레이트항공,15:35CDG,17:00ICN,+1일,"경유 1, 18시간 25분",성인/모든 결제수단,"편도 6,089,300원~"
2023-07-04,에미레이트항공,21:55CDG,17:00ICN,+2일,"경유 1, 36시간 05분",성인/모든 결제수단,"편도 6,089,300원~"
2023-07-04,대한항공,21:00CDG,15:00ICN,+1일,"직항, 11시간 00분",성인/모든 결제수단,"편도 10,793,200원~"
2023-07-04,싱가폴항공,12:00CDG,15:35ICN,+1일,"경유 1, 20시간 35분",성인/모든 결제수단,"편도 13,154,000원~"
2023-07-04,싱가폴항공,12:00CDG,22:15ICN,+1일,"경유 1, 27시간 15분",성인/모든 결제수단,"편도 13,154,000원~"
2023-07-04,싱가폴항공,12:00CDG,07:45ICN,+2일,"경유 1, 36시간 45분",성인/모든 결제수단,"편도 13,154,000원~"
2023-07-04,싱가폴항공,12:00CDG,09:50ICN,+2일,"경유 1, 38시간 50분",성인/모든 결제수단,"편도 13,154,000원~"
2023-07-04,싱가폴항공공동운항 정보확인필요,12:00CDG,10:50ICN,+2일,"경유 1, 39시간 50분",성인/모든 결제수단,"편도 13,154,000원~"
2023-07-04,여러항공사싱가폴항공 공동운항,12:00CDG,15:35ICN,+1일,"경유 1, 20시간 35분",성인/모든 결제수단,"편도 17,376,200원~"
2023-07-04,여러항공사싱가폴항공 공동운항,12:00CDG,22:15ICN,+1일,"경유 1, 27시간 15분",성인/모든 결제수단,"편도 17,376,200원~"
2023-07-04,여러항공사,12:45CDG,05:10ICN,+2일,"경유 1, 33시간 25분",성인/모든 결제수단,"편도 17,810,300원~"
2023-07-04,여러항공사,12:45CDG,05:25ICN,+2일,"경유 1, 33시간 40분",성인/모든 결제수단,"편도 20,032,400원~"
2023-07-04,캐세이퍼시픽항공,12:45CDG,14:10ICN,+1일,"경유 1, 18시간 25분",성인/모든 결제수단,"편도 20,063,000원~"
2023-07-04,캐세이퍼시픽항공,12:45CDG,21:15ICN,+1일,"경유 1, 25시간 30분",성인/모든 결제수단,"편도 20,063,000원~"
2023-07-04,캐세이퍼시픽항공,12:45CDG,19:15ICN,+1일,"경유 1, 23시간 30분",성인/모든 결제수단,"편도 20,063,000원~"
2023-07-05,에미레이트항공,11:25CDG,17:00ICN,+1일,"경유 1, 22시간 35분",성인/모든 결제수단,"편도 6,089,300원~"
2023-07-05,에미레이트항공,15:35CDG,17:00ICN,+1일,"경유 1, 18시간 25분",성인/모든 결제수단,"편도 6,089,300원~"
2023-07-05,에미레이트항공,21:55CDG,17:00ICN,+2일,"경유 1, 36시간 05분",성인/모든 결제수단,"편도 6,089,300원~"
2023-07-05,대한항공,21:00CDG,15:00ICN,+1일,"직항, 11시간 00분",성인/모든 결제수단,"편도 10,793,200원~"
2023-07-05,싱가폴항공,12:00CDG,15:35ICN,+1일,"경유 1, 20시간 35분",성인/모든 결제수단,"편도 13,154,000원~"
2023-07-05,싱가폴항공,12:00CDG,09:50ICN,+2일,"경유 1, 38시간 50분",성인/모든 결제수단,"편도 13,154,000원~"
2023-07-05,싱가폴항공,12:00CDG,07:45ICN,+2일,"경유 1, 36시간 45분",성인/모든 결제수단,"편도 13,154,000원~"
2023-07-05,싱가폴항공,12:00CDG,22:15ICN,+1일,"경유 1, 27시간 15분",성인/모든 결제수단,"편도 13,154,000원~"
2023-07-05,여러항공사싱가폴항공 공동운항,12:00CDG,15:35ICN,+1일,"경유 1, 20시간 35분",성인/모든 결제수단,"편도 17,376,200원~"
2023-07-05,여러항공사,12:45CDG,05:10ICN,+2일,"경유 1, 33시간 25분",성인/모든 결제수단,"편도 17,871,600원~"
2023-07-05,여러항공사,22:00CDG,22:05GMP,+1일,"경유 1, 17시간 05분",성인/모든 결제수단,"편도 18,071,800원~"
2023-07-05,여러항공사,22:00CDG,14:45GMP,+2일,"경유 1, 33시간 45분",성인/모든 결제수단,"편도 18,111,800원~"
2023-07-05,여러항공사,12:45CDG,17:00ICN,+1일,"경유 1, 21시간 15분",성인/모든 결제수단,"편도 20,011,800원~"
2023-07-05,여러항공사,12:45CDG,05:25ICN,+2일,"경유 1, 33시간 40분",성인/모든 결제수단,"편도 20,047,900원~"
2023-07-05,캐세이퍼시픽항공,12:45CDG,14:10ICN,+1일,"경유 1, 18시간 25분",성인/모든 결제수단,"편도 20,063,000원~"
2023-07-05,캐세이퍼시픽항공,12:45CDG,12:35ICN,+1일,"경유 1, 16시간 50분",성인/모든 결제수단,"편도 20,063,000원~"
2023-07-05,캐세이퍼시픽항공,12:45CDG,19:15ICN,+1일,"경유 1, 23시간 30분",성인/모든 결제수단,"편도 20,063,000원~"
2023-07-05,캐세이퍼시픽항공,12:45CDG,21:15ICN,+1일,"경유 1, 25시간 30분",성인/모든 결제수단,"편도 20,063,000원~"
2023-07-06,에미레이트항공,15:35CDG,17:00ICN,+1일,"경유 1, 18시간 25분",성인/모든 결제수단,"편도 6,089,300원~"
2023-07-06,에미레이트항공,11:25CDG,17:00ICN,+1일,"경유 1, 22시간 35분",성인/모든 결제수단,"편도 6,089,300원~"
2023-07-06,에미레이트항공,21:55CDG,17:00ICN,+2일,"경유 1, 36시간 05분",성인/모든 결제수단,"편도 6,089,300원~"
2023-07-06,대한항공,21:00CDG,15:00ICN,+1일,"직항, 11시간 00분",성인/모든 결제수단,"편도 10,793,200원~"
2023-07-06,여러항공사,12:45CDG,05:10ICN,+2일,"경유 1, 33시간 25분",성인/모든 결제수단,"편도 17,871,600원~"
2023-07-06,여러항공사,12:45CDG,05:25ICN,+2일,"경유 1, 33시간 40분",성인/모든 결제수단,"편도 20,032,400원~"
2023-07-06,캐세이퍼시픽항공,12:45CDG,21:15ICN,+1일,"경유 1, 25시간 30분",성인/모든 결제수단,"편도 20,063,000원~"
2023-07-06,캐세이퍼시픽항공,12:45CDG,19:15ICN,+1일,"경유 1, 23시간 30분",성인/모든 결제수단,"편도 20,063,000원~"
2023-07-06,캐세이퍼시픽항공,12:45CDG,14:10ICN,+1일,"경유 1, 18시간 25분",성인/모든 결제수단,"편도 20,063,000원~"
2023-07-06,캐세이퍼시픽항공,12:45CDG,12:35ICN,+1일,"경유 1, 16시간 50분",성인/모든 결제수단,"편도 20,063,000원~"
2023-07-07,에미레이트항공,11:25CDG,17:00ICN,+1일,"경유 1, 22시간 35분",성인/모든 결제수단,"편도 6,089,300원~"
2023-07-07,에미레이트항공,15:35CDG,17:00ICN,+1일,"경유 1, 18시간 25분",성인/모든 결제수단,"편도 6,089,300원~"
2023-07-07,에미레이트항공,21:55CDG,17:00ICN,+2일,"경유 1, 36시간 05분",성인/모든 결제수단,"편도 7,965,800원~"
2023-07-08,에미레이트항공,15:35CDG,17:00ICN,+1일,"경유 1, 18시간 25분",성인/모든 결제수단,"편도 6,089,300원~"
2023-07-08,에미레이트항공,21:55CDG,17:00ICN,+2일,"경유 1, 36시간 05분",성인/모든 결제수단,"편도 6,089,300원~"
2023-07-08,에미레이트항공,11:25CDG,17:00ICN,+1일,"경유 1, 22시간 35분",성인/모든 결제수단,"편도 6,089,300원~"
2023-07-09,에미레이트항공,11:25CDG,17:00ICN,+1일,"경유 1, 22시간 35분",성인/모든 결제수단,"편도 6,089,300원~"
2023-07-09,에미레이트항공,21:55CDG,17:00ICN,+2일,"경유 1, 36시간 05분",성인/모든 결제수단,"편도 6,089,300원~"
2023-07-09,에미레이트항공,15:35CDG,17:00ICN,+1일,"경유 1, 18시간 25분",성인/모든 결제수단,"편도 6,089,300원~"
2023-07-09,대한항공,21:00CDG,15:00ICN,+1일,"직항, 11시간 00분",성인/모든 결제수단,"편도 10,793,200원~"
2023-07-10,에미레이트항공,11:25CDG,17:00ICN,+1일,"경유 1, 22시간 35분",성인/모든 결제수단,"편도 6,089,300원~"
2023-07-10,에미레이트항공,15:35CDG,17:00ICN,+1일,"경유 1, 18시간 25분",성인/모든 결제수단,"편도 6,089,300원~"
2023-07-10,에미레이트항공,21:55CDG,17:00ICN,+2일,"경유 1, 36시간 05분",성인/모든 결제수단,"편도 6,089,300원~"
2023-07-10,대한항공,21:00CDG,15:00ICN,+1일,"직항, 11시간 00분",성인/모든 결제수단,"편도 10,793,200원~"
2023-07-10,싱가폴항공,12:00CDG,22:15ICN,+1일,"경유 1, 27시간 15분",성인/모든 결제수단,"편도 13,154,000원~"
2023-07-10,싱가폴항공,12:00CDG,15:35ICN,+1일,"경유 1, 20시간 35분",성인/모든 결제수단,"편도 13,154,000원~"
2023-07-10,싱가폴항공,12:00CDG,09:50ICN,+2일,"경유 1, 38시간 50분",성인/모든 결제수단,"편도 13,154,000원~"
2023-07-10,싱가폴항공,12:00CDG,07:45ICN,+2일,"경유 1, 36시간 45분",성인/모든 결제수단,"편도 13,154,000원~"
2023-07-10,여러항공사,12:00CDG,06:20ICN,+2일,"경유 1, 35시간 20분",성인/모든 결제수단,"편도 15,294,200원~"
2023-07-10,여러항공사싱가폴항공 공동운항,12:00CDG,22:15ICN,+1일,"경유 1, 27시간 15분",성인/모든 결제수단,"편도 17,376,200원~"
2023-07-10,여러항공사싱가폴항공 공동운항,12:00CDG,15:35ICN,+1일,"경유 1, 20시간 35분",성인/모든 결제수단,"편도 17,376,200원~"
2023-07-10,여러항공사,22:00CDG,22:05GMP,+1일,"경유 1, 17시간 05분",성인/모든 결제수단,"편도 18,071,800원~"
2023-07-11,에미레이트항공,11:25CDG,17:00ICN,+1일,"경유 1, 22시간 35분",성인/모든 결제수단,"편도 6,089,300원~"
2023-07-11,에미레이트항공,15:35CDG,17:00ICN,+1일,"경유 1, 18시간 25분",성인/모든 결제수단,"편도 6,089,300원~"
2023-07-11,에미레이트항공,21:55CDG,17:00ICN,+2일,"경유 1, 36시간 05분",성인/모든 결제수단,"편도 6,089,300원~"
2023-07-11,캐세이퍼시픽항공,12:45CDG,14:10ICN,+1일,"경유 1, 18시간 25분",성인/모든 결제수단,"편도 8,745,200원~"
2023-07-11,캐세이퍼시픽항공,12:45CDG,21:15ICN,+1일,"경유 1, 25시간 30분",성인/모든 결제수단,"편도 8,745,200원~"
2023-07-12,에미레이트항공,15:35CDG,17:00ICN,+1일,"경유 1, 18시간 25분",성인/모든 결제수단,"편도 6,089,300원~"
2023-07-12,에미레이트항공,21:55CDG,17:00ICN,+2일,"경유 1, 36시간 05분",성인/모든 결제수단,"편도 6,089,300원~"
2023-07-12,에미레이트항공,11:25CDG,17:00ICN,+1일,"경유 1, 22시간 35분",성인/모든 결제수단,"편도 6,089,300원~"
2023-07-12,대한항공,21:00CDG,15:00ICN,+1일,"직항, 11시간 00분",성인/모든 결제수단,"편도 10,793,200원~"
2023-07-13,에미레이트항공,11:25CDG,17:00ICN,+1일,"경유 1, 22시간 35분",성인/모든 결제수단,"편도 6,089,300원~"
2023-07-13,에미레이트항공,15:35CDG,17:00ICN,+1일,"경유 1, 18시간 25분",성인/모든 결제수단,"편도 6,089,300원~"
2023-07-13,에미레이트항공,21:55CDG,17:00ICN,+2일,"경유 1, 36시간 05분",성인/모든 결제수단,"편도 6,089,300원~"
2023-07-13,캐세이퍼시픽항공,12:45CDG,12:35ICN,+1일,"경유 1, 16시간 50분",성인/모든 결제수단,"편도 8,745,200원~"
2023-07-14,에미레이트항공,15:35CDG,17:00ICN,+1일,"경유 1, 18시간 25분",성인/모든 결제수단,"편도 6,089,300원~"
2023-07-14,에미레이트항공,21:55CDG,17:00ICN,+2일,"경유 1, 36시간 05분",성인/모든 결제수단,"편도 6,089,300원~"
2023-07-14,에미레이트항공,11:25CDG,17:00ICN,+1일,"경유 1, 22시간 35분",성인/모든 결제수단,"편도 6,089,300원~"
2023-07-14,대한항공,21:00CDG,15:00ICN,+1일,"직항, 11시간 00분",성인/모든 결제수단,"편도 10,793,200원~"
2023-07-15,에미레이트항공,21:55CDG,17:00ICN,+2일,"경유 1, 36시간 05분",성인/모든 결제수단,"편도 6,089,300원~"
2023-07-15,에미레이트항공,15:35CDG,17:00ICN,+1일,"경유 1, 18시간 25분",성인/모든 결제수단,"편도 6,089,300원~"
2023-07-15,에미레이트항공,11:25CDG,17:00ICN,+1일,"경유 1, 22시간 35분",성인/모든 결제수단,"편도 6,089,300원~"
2023-07-15,대한항공,21:00CDG,15:00ICN,+1일,"직항, 11시간 00분",성인/모든 결제수단,"편도 10,793,200원~"
2023-07-15,싱가폴항공,12:00CDG,09:50ICN,+2일,"경유 1, 38시간 50분",성인/모든 결제수단,"편도 13,154,000원~"
2023-07-15,싱가폴항공,12:00CDG,07:45ICN,+2일,"경유 1, 36시간 45분",성인/모든 결제수단,"편도 13,154,000원~"
2023-07-15,싱가폴항공,12:00CDG,22:15ICN,+1일,"경유 1, 27시간 15분",성인/모든 결제수단,"편도 13,154,000원~"
2023-07-15,싱가폴항공공동운항 정보확인필요,12:00CDG,10:50ICN,+2일,"경유 1, 39시간 50분",성인/모든 결제수단,"편도 13,154,000원~"
2023-07-15,싱가폴항공,12:00CDG,15:35ICN,+1일,"경유 1, 20시간 35분",성인/모든 결제수단,"편도 13,154,000원~"
2023-07-15,여러항공사싱가폴항공 공동운항,12:00CDG,15:35ICN,+1일,"경유 1, 20시간 35분",성인/모든 결제수단,"편도 17,376,200원~"
2023-07-15,ANA항공 공동운항 정보확인필요,09:35CDG,14:25GMP,+1일,"경유 2, 21시간 50분",성인/모든 결제수단,"편도 17,671,000원~"
2023-07-15,여러항공사,12:45CDG,05:10ICN,+2일,"경유 1, 33시간 25분",성인/모든 결제수단,"편도 17,871,600원~"
2023-07-15,여러항공사,22:00CDG,11:45GMP,+2일,"경유 1, 30시간 45분",성인/모든 결제수단,"편도 18,071,800원~"
2023-07-15,여러항공사,22:00CDG,22:05GMP,+1일,"경유 1, 17시간 05분",성인/모든 결제수단,"편도 18,071,800원~"
2023-07-15,여러항공사,12:45CDG,05:25ICN,+2일,"경유 1, 33시간 40분",성인/모든 결제수단,"편도 20,032,400원~"
2023-07-15,캐세이퍼시픽항공,12:45CDG,19:15ICN,+1일,"경유 1, 23시간 30분",성인/모든 결제수단,"편도 20,063,000원~"
2023-07-15,캐세이퍼시픽항공,12:45CDG,21:15ICN,+1일,"경유 1, 25시간 30분",성인/모든 결제수단,"편도 20,063,000원~"
2023-07-15,캐세이퍼시픽항공,12:45CDG,14:10ICN,+1일,"경유 1, 18시간 25분",성인/모든 결제수단,"편도 20,063,000원~"
2023-07-15,캐세이퍼시픽항공,12:45CDG,12:35ICN,+1일,"경유 1, 16시간 50분",성인/모든 결제수단,"편도 20,063,000원~"
2023-07-16,에미레이트항공,21:55CDG,17:00ICN,+2일,"경유 1, 36시간 05분",성인/모든 결제수단,"편도 6,089,300원~"
2023-07-16,에미레이트항공,15:35CDG,17:00ICN,+1일,"경유 1, 18시간 25분",성인/모든 결제수단,"편도 6,089,300원~"
2023-07-16,에미레이트항공,11:25CDG,17:00ICN,+1일,"경유 1, 22시간 35분",성인/모든 결제수단,"편도 6,089,300원~"
2023-07-16,대한항공,21:00CDG,15:00ICN,+1일,"직항, 11시간 00분",성인/모든 결제수단,"편도 10,793,200원~"
2023-07-16,여러항공사,12:45CDG,05:10ICN,+2일,"경유 1, 33시간 25분",성인/모든 결제수단,"편도 17,871,600원~"
2023-07-16,여러항공사,22:00CDG,14:45GMP,+2일,"경유 1, 33시간 45분",성인/모든 결제수단,"편도 18,071,800원~"
2023-07-16,여러항공사,22:00CDG,22:05GMP,+1일,"경유 1, 17시간 05분",성인/모든 결제수단,"편도 18,071,800원~"
2023-07-16,여러항공사,22:00CDG,11:45GMP,+2일,"경유 1, 30시간 45분",성인/모든 결제수단,"편도 18,111,800원~"
2023-07-16,여러항공사,12:45CDG,05:25ICN,+2일,"경유 1, 33시간 40분",성인/모든 결제수단,"편도 20,047,900원~"
2023-07-16,캐세이퍼시픽항공,12:45CDG,19:15ICN,+1일,"경유 1, 23시간 30분",성인/모든 결제수단,"편도 20,063,000원~"
2023-07-16,캐세이퍼시픽항공,12:45CDG,21:15ICN,+1일,"경유 1, 25시간 30분",성인/모든 결제수단,"편도 20,063,000원~"
2023-07-16,캐세이퍼시픽항공,12:45CDG,14:10ICN,+1일,"경유 1, 18시간 25분",성인/모든 결제수단,"편도 20,063,000원~"
2023-07-17,에미레이트항공,21:55CDG,17:00ICN,+2일,"경유 1, 36시간 05분",성인/모든 결제수단,"편도 6,089,300원~"
2023-07-17,에미레이트항공,11:25CDG,17:00ICN,+1일,"경유 1, 22시간 35분",성인/모든 결제수단,"편도 6,089,300원~"
2023-07-17,에미레이트항공,15:35CDG,17:00ICN,+1일,"경유 1, 18시간 25분",성인/모든 결제수단,"편도 6,089,300원~"
2023-07-17,대한항공,21:00CDG,15:00ICN,+1일,"직항, 11시간 00분",성인/모든 결제수단,"편도 10,793,200원~"
2023-07-17,ANA항공 공동운항 정보확인필요,09:35CDG,14:25GMP,+1일,"경유 2, 21시간 50분",성인/모든 결제수단,"편도 17,671,000원~"
2023-07-17,ANA항공 공동운항 정보확인필요,09:35CDG,14:25GMP,+1일,"경유 2, 21시간 50분",성인/모든 결제수단,"편도 17,711,000원~"
2023-07-17,여러항공사,12:45CDG,05:10ICN,+2일,"경유 1, 33시간 25분",성인/모든 결제수단,"편도 17,871,600원~"
2023-07-17,여러항공사,22:00CDG,22:05GMP,+1일,"경유 1, 17시간 05분",성인/모든 결제수단,"편도 18,071,800원~"
2023-07-17,여러항공사,12:45CDG,17:00ICN,+1일,"경유 1, 21시간 15분",성인/모든 결제수단,"편도 20,011,800원~"
2023-07-17,여러항공사,12:45CDG,05:25ICN,+2일,"경유 1, 33시간 40분",성인/모든 결제수단,"편도 20,047,900원~"
2023-07-17,캐세이퍼시픽항공,12:45CDG,14:10ICN,+1일,"경유 1, 18시간 25분",성인/모든 결제수단,"편도 20,063,000원~"
2023-07-17,캐세이퍼시픽항공,12:45CDG,21:15ICN,+1일,"경유 1, 25시간 30분",성인/모든 결제수단,"편도 20,063,000원~"
2023-07-17,캐세이퍼시픽항공,12:45CDG,19:15ICN,+1일,"경유 1, 23시간 30분",성인/모든 결제수단,"편도 20,063,000원~"
2023-07-18,에미레이트항공,21:55CDG,17:00ICN,+2일,"경유 1, 36시간 05분",성인/모든 결제수단,"편도 6,089,300원~"
2023-07-18,에미레이트항공,11:25CDG,17:00ICN,+1일,"경유 1, 22시간 35분",성인/모든 결제수단,"편도 6,089,300원~"
2023-07-18,에미레이트항공,15:35CDG,17:00ICN,+1일,"경유 1, 18시간 25분",성인/모든 결제수단,"편도 6,089,300원~"
2023-07-18,대한항공,17:50CDG,12:40ICN,+1일,"직항, 11시간 50분",성인/모든 결제수단,"편도 10,793,200원~"
2023-07-18,대한항공,21:00CDG,15:00ICN,+1일,"직항, 11시간 00분",성인/모든 결제수단,"편도 10,793,200원~"
2023-07-18,여러항공사,12:45CDG,05:10ICN,+2일,"경유 1, 33시간 25분",성인/모든 결제수단,"편도 17,871,600원~"
2023-07-18,여러항공사,12:45CDG,05:25ICN,+2일,"경유 1, 33시간 40분",성인/모든 결제수단,"편도 20,047,900원~"
2023-07-18,캐세이퍼시픽항공,12:45CDG,14:10ICN,+1일,"경유 1, 18시간 25분",성인/모든 결제수단,"편도 20,063,000원~"
2023-07-18,캐세이퍼시픽항공,12:45CDG,19:15ICN,+1일,"경유 1, 23시간 30분",성인/모든 결제수단,"편도 20,063,000원~"
2023-07-18,캐세이퍼시픽항공,12:45CDG,21:15ICN,+1일,"경유 1, 25시간 30분",성인/모든 결제수단,"편도 20,063,000원~"
2023-07-19,에미레이트항공,15:35CDG,17:00ICN,+1일,"경유 1, 18시간 25분",성인/모든 결제수단,"편도 6,089,300원~"
2023-07-19,에미레이트항공,21:55CDG,17:00ICN,+2일,"경유 1, 36시간 05분",성인/모든 결제수단,"편도 6,089,300원~"
2023-07-19,에미레이트항공,11:25CDG,17:00ICN,+1일,"경유 1, 22시간 35분",성인/모든 결제수단,"편도 6,089,300원~"
2023-07-19,캐세이퍼시픽항공,12:45CDG,19:15ICN,+1일,"경유 1, 23시간 30분",성인/모든 결제수단,"편도 8,745,200원~"
2023-07-19,캐세이퍼시픽항공,12:45CDG,21:15ICN,+1일,"경유 1, 25시간 30분",성인/모든 결제수단,"편도 8,745,200원~"
2023-07-19,캐세이퍼시픽항공,12:45CDG,12:35ICN,+1일,"경유 1, 16시간 50분",성인/모든 결제수단,"편도 8,745,200원~"
2023-07-19,캐세이퍼시픽항공,12:45CDG,14:10ICN,+1일,"경유 1, 18시간 25분",성인/모든 결제수단,"편도 8,745,200원~"
2023-07-19,대한항공,21:00CDG,15:00ICN,+1일,"직항, 11시간 00분",성인/모든 결제수단,"편도 10,793,200원~"
2023-07-19,싱가폴항공,12:00CDG,22:15ICN,+1일,"경유 1, 27시간 15분",성인/모든 결제수단,"편도 13,154,000원~"
2023-07-19,싱가폴항공,12:00CDG,07:45ICN,+2일,"경유 1, 36시간 45분",성인/모든 결제수단,"편도 13,154,000원~"
2023-07-19,싱가폴항공,12:00CDG,15:35ICN,+1일,"경유 1, 20시간 35분",성인/모든 결제수단,"편도 13,154,000원~"
2023-07-19,싱가폴항공,12:00CDG,09:50ICN,+2일,"경유 1, 38시간 50분",성인/모든 결제수단,"편도 13,154,000원~"
2023-07-19,여러항공사싱가폴항공 공동운항,12:00CDG,15:35ICN,+1일,"경유 1, 20시간 35분",성인/모든 결제수단,"편도 17,376,200원~"
2023-07-19,여러항공사,12:45CDG,05:10ICN,+2일,"경유 1, 33시간 25분",성인/모든 결제수단,"편도 17,871,600원~"
2023-07-19,여러항공사,22:00CDG,11:45GMP,+2일,"경유 1, 30시간 45분",성인/모든 결제수단,"편도 18,071,800원~"
2023-07-19,여러항공사,22:00CDG,22:05GMP,+1일,"경유 1, 17시간 05분",성인/모든 결제수단,"편도 18,071,800원~"
2023-07-19,여러항공사,22:00CDG,14:45GMP,+2일,"경유 1, 33시간 45분",성인/모든 결제수단,"편도 18,111,800원~"
2023-07-19,여러항공사,12:45CDG,17:00ICN,+1일,"경유 1, 21시간 15분",성인/모든 결제수단,"편도 20,011,800원~"
2023-07-19,여러항공사,12:45CDG,05:25ICN,+2일,"경유 1, 33시간 40분",성인/모든 결제수단,"편도 20,047,900원~"
2023-07-20,에미레이트항공,11:25CDG,17:00ICN,+1일,"경유 1, 22시간 35분",성인/모든 결제수단,"편도 6,089,300원~"
2023-07-20,에미레이트항공,15:35CDG,17:00ICN,+1일,"경유 1, 18시간 25분",성인/모든 결제수단,"편도 6,089,300원~"
2023-07-20,에미레이트항공,21:55CDG,17:00ICN,+2일,"경유 1, 36시간 05분",성인/모든 결제수단,"편도 7,965,800원~"
2023-07-20,대한항공,21:00CDG,15:00ICN,+1일,"직항, 11시간 00분",성인/모든 결제수단,"편도 10,793,200원~"
2023-07-20,싱가폴항공,12:00CDG,15:35ICN,+1일,"경유 1, 20시간 35분",성인/모든 결제수단,"편도 13,154,000원~"
2023-07-20,싱가폴항공,12:00CDG,09:50ICN,+2일,"경유 1, 38시간 50분",성인/모든 결제수단,"편도 13,154,000원~"
2023-07-20,싱가폴항공,12:00CDG,07:45ICN,+2일,"경유 1, 36시간 45분",성인/모든 결제수단,"편도 13,154,000원~"
2023-07-20,싱가폴항공,12:00CDG,22:15ICN,+1일,"경유 1, 27시간 15분",성인/모든 결제수단,"편도 13,154,000원~"
2023-07-20,싱가폴항공공동운항 정보확인필요,12:00CDG,10:50ICN,+2일,"경유 1, 39시간 50분",성인/모든 결제수단,"편도 13,154,000원~"
2023-07-20,여러항공사,12:00CDG,06:20ICN,+2일,"경유 1, 35시간 20분",성인/모든 결제수단,"편도 15,294,200원~"
2023-07-20,여러항공사싱가폴항공 공동운항,12:00CDG,15:35ICN,+1일,"경유 1, 20시간 35분",성인/모든 결제수단,"편도 17,376,200원~"
2023-07-20,여러항공사싱가폴항공 공동운항,12:00CDG,22:15ICN,+1일,"경유 1, 27시간 15분",성인/모든 결제수단,"편도 17,376,200원~"
2023-07-20,ANA항공 공동운항 정보확인필요,07:40CDG,14:25GMP,+1일,"경유 2, 23시간 45분",성인/모든 결제수단,"편도 17,671,000원~"
2023-07-20,ANA항공 공동운항 정보확인필요,07:40CDG,14:25GMP,+1일,"경유 2, 23시간 45분",성인/모든 결제수단,"편도 17,671,000원~"
2023-07-20,여러항공사,12:45CDG,05:10ICN,+2일,"경유 1, 33시간 25분",성인/모든 결제수단,"편도 17,871,600원~"
2023-07-20,여러항공사,22:00CDG,22:05GMP,+1일,"경유 1, 17시간 05분",성인/모든 결제수단,"편도 18,071,800원~"
2023-07-20,여러항공사,12:45CDG,05:25ICN,+2일,"경유 1, 33시간 40분",성인/모든 결제수단,"편도 20,047,900원~"
2023-07-20,캐세이퍼시픽항공,12:45CDG,14:10ICN,+1일,"경유 1, 18시간 25분",성인/모든 결제수단,"편도 20,063,000원~"
2023-07-20,캐세이퍼시픽항공,12:45CDG,12:35ICN,+1일,"경유 1, 16시간 50분",성인/모든 결제수단,"편도 20,063,000원~"
2023-07-20,캐세이퍼시픽항공,12:45CDG,19:15ICN,+1일,"경유 1, 23시간 30분",성인/모든 결제수단,"편도 20,063,000원~"
2023-07-20,캐세이퍼시픽항공,12:45CDG,21:15ICN,+1일,"경유 1, 25시간 30분",성인/모든 결제수단,"편도 20,063,000원~"
2023-07-21,에미레이트항공,15:35CDG,17:00ICN,+1일,"경유 1, 18시간 25분",성인/모든 결제수단,"편도 6,089,300원~"
2023-07-21,에미레이트항공,21:55CDG,17:00ICN,+2일,"경유 1, 36시간 05분",성인/모든 결제수단,"편도 6,089,300원~"
2023-07-21,에미레이트항공,11:25CDG,17:00ICN,+1일,"경유 1, 22시간 35분",성인/모든 결제수단,"편도 6,089,300원~"
2023-07-21,대한항공,21:00CDG,15:00ICN,+1일,"직항, 11시간 00분",성인/모든 결제수단,"편도 10,793,200원~"
2023-07-21,여러항공사,12:45CDG,05:10ICN,+2일,"경유 1, 33시간 25분",성인/모든 결제수단,"편도 17,871,600원~"
2023-07-21,여러항공사,12:45CDG,17:00ICN,+1일,"경유 1, 21시간 15분",성인/모든 결제수단,"편도 20,011,800원~"
2023-07-21,여러항공사,12:45CDG,05:25ICN,+2일,"경유 1, 33시간 40분",성인/모든 결제수단,"편도 20,047,900원~"
2023-07-21,캐세이퍼시픽항공,12:45CDG,14:10ICN,+1일,"경유 1, 18시간 25분",성인/모든 결제수단,"편도 20,063,000원~"
2023-07-21,캐세이퍼시픽항공,12:45CDG,19:15ICN,+1일,"경유 1, 23시간 30분",성인/모든 결제수단,"편도 20,063,000원~"
2023-07-21,캐세이퍼시픽항공,12:45CDG,21:15ICN,+1일,"경유 1, 25시간 30분",성인/모든 결제수단,"편도 20,063,000원~"
2023-07-22,에미레이트항공,15:35CDG,17:00ICN,+1일,"경유 1, 18시간 25분",성인/모든 결제수단,"편도 6,089,300원~"
2023-07-22,에미레이트항공,11:25CDG,17:00ICN,+1일,"경유 1, 22시간 35분",성인/모든 결제수단,"편도 6,089,300원~"
2023-07-22,에미레이트항공,21:55CDG,17:00ICN,+2일,"경유 1, 36시간 05분",성인/모든 결제수단,"편도 6,089,300원~"
2023-07-22,대한항공,21:00CDG,15:00ICN,+1일,"직항, 11시간 00분",성인/모든 결제수단,"편도 10,793,200원~"
2023-07-22,싱가폴항공,12:00CDG,07:45ICN,+2일,"경유 1, 36시간 45분",성인/모든 결제수단,"편도 13,154,000원~"
2023-07-22,싱가폴항공,12:00CDG,09:50ICN,+2일,"경유 1, 38시간 50분",성인/모든 결제수단,"편도 13,154,000원~"
2023-07-22,싱가폴항공,12:00CDG,22:15ICN,+1일,"경유 1, 27시간 15분",성인/모든 결제수단,"편도 13,154,000원~"
2023-07-22,싱가폴항공,12:00CDG,15:35ICN,+1일,"경유 1, 20시간 35분",성인/모든 결제수단,"편도 13,154,000원~"
2023-07-22,싱가폴항공공동운항 정보확인필요,12:00CDG,10:50ICN,+2일,"경유 1, 39시간 50분",성인/모든 결제수단,"편도 13,154,000원~"
2023-07-22,여러항공사싱가폴항공 공동운항,12:00CDG,15:35ICN,+1일,"경유 1, 20시간 35분",성인/모든 결제수단,"편도 17,376,200원~"
2023-07-22,여러항공사,12:45CDG,05:10ICN,+2일,"경유 1, 33시간 25분",성인/모든 결제수단,"편도 17,871,600원~"
2023-07-22,여러항공사,22:00CDG,22:05GMP,+1일,"경유 1, 17시간 05분",성인/모든 결제수단,"편도 18,071,800원~"
2023-07-22,여러항공사,22:00CDG,11:45GMP,+2일,"경유 1, 30시간 45분",성인/모든 결제수단,"편도 18,071,800원~"
2023-07-22,여러항공사,12:45CDG,05:25ICN,+2일,"경유 1, 33시간 40분",성인/모든 결제수단,"편도 20,047,900원~"
2023-07-22,캐세이퍼시픽항공,12:45CDG,21:15ICN,+1일,"경유 1, 25시간 30분",성인/모든 결제수단,"편도 20,063,000원~"
2023-07-22,캐세이퍼시픽항공,12:45CDG,19:15ICN,+1일,"경유 1, 23시간 30분",성인/모든 결제수단,"편도 20,063,000원~"
2023-07-22,캐세이퍼시픽항공,12:45CDG,12:35ICN,+1일,"경유 1, 16시간 50분",성인/모든 결제수단,"편도 20,063,000원~"
2023-07-22,캐세이퍼시픽항공,12:45CDG,14:10ICN,+1일,"경유 1, 18시간 25분",성인/모든 결제수단,"편도 20,063,000원~"
2023-07-23,에미레이트항공,21:55CDG,17:00ICN,+2일,"경유 1, 36시간 05분",성인/모든 결제수단,"편도 6,089,300원~"
2023-07-23,에미레이트항공,15:35CDG,17:00ICN,+1일,"경유 1, 18시간 25분",성인/모든 결제수단,"편도 6,089,300원~"
2023-07-23,에미레이트항공,11:25CDG,17:00ICN,+1일,"경유 1, 22시간 35분",성인/모든 결제수단,"편도 6,089,300원~"
2023-07-23,대한항공,21:00CDG,15:00ICN,+1일,"직항, 11시간 00분",성인/모든 결제수단,"편도 10,793,200원~"
2023-07-24,에미레이트항공,15:35CDG,17:00ICN,+1일,"경유 1, 18시간 25분",성인/모든 결제수단,"편도 6,089,300원~"
2023-07-24,에미레이트항공,11:25CDG,17:00ICN,+1일,"경유 1, 22시간 35분",성인/모든 결제수단,"편도 6,089,300원~"
2023-07-24,에미레이트항공,21:55CDG,17:00ICN,+2일,"경유 1, 36시간 05분",성인/모든 결제수단,"편도 6,089,300원~"
2023-07-24,대한항공,21:00CDG,15:00ICN,+1일,"직항, 11시간 00분",성인/모든 결제수단,"편도 10,793,200원~"
2023-07-24,ANA항공 공동운항 정보확인필요,09:35CDG,14:25GMP,+1일,"경유 2, 21시간 50분",성인/모든 결제수단,"편도 17,671,000원~"
2023-07-24,여러항공사,12:45CDG,05:10ICN,+2일,"경유 1, 33시간 25분",성인/모든 결제수단,"편도 17,871,600원~"
2023-07-24,여러항공사,22:00CDG,22:05GMP,+1일,"경유 1, 17시간 05분",성인/모든 결제수단,"편도 18,071,800원~"
2023-07-24,여러항공사,12:45CDG,17:00ICN,+1일,"경유 1, 21시간 15분",성인/모든 결제수단,"편도 20,011,800원~"
2023-07-24,여러항공사,12:45CDG,05:25ICN,+2일,"경유 1, 33시간 40분",성인/모든 결제수단,"편도 20,047,900원~"
2023-07-24,캐세이퍼시픽항공,12:45CDG,19:15ICN,+1일,"경유 1, 23시간 30분",성인/모든 결제수단,"편도 20,063,000원~"
2023-07-24,캐세이퍼시픽항공,12:45CDG,21:15ICN,+1일,"경유 1, 25시간 30분",성인/모든 결제수단,"편도 20,063,000원~"
2023-07-24,캐세이퍼시픽항공,12:45CDG,14:10ICN,+1일,"경유 1, 18시간 25분",성인/모든 결제수단,"편도 20,063,000원~"
2023-07-25,에미레이트항공,15:35CDG,17:00ICN,+1일,"경유 1, 18시간 25분",성인/모든 결제수단,"편도 6,089,300원~"
2023-07-25,에미레이트항공,21:55CDG,17:00ICN,+2일,"경유 1, 36시간 05분",성인/모든 결제수단,"편도 6,089,300원~"
2023-07-25,에미레이트항공,11:25CDG,17:00ICN,+1일,"경유 1, 22시간 35분",성인/모든 결제수단,"편도 6,089,300원~"
2023-07-25,대한항공,17:50CDG,12:40ICN,+1일,"직항, 11시간 50분",성인/모든 결제수단,"편도 10,793,200원~"
2023-07-25,대한항공,21:00CDG,15:00ICN,+1일,"직항, 11시간 00분",성인/모든 결제수단,"편도 10,793,200원~"
2023-07-26,에미레이트항공,11:25CDG,17:00ICN,+1일,"경유 1, 22시간 35분",성인/모든 결제수단,"편도 6,089,300원~"
2023-07-26,에미레이트항공,15:35CDG,17:00ICN,+1일,"경유 1, 18시간 25분",성인/모든 결제수단,"편도 6,089,300원~"
2023-07-26,에미레이트항공,21:55CDG,17:00ICN,+2일,"경유 1, 36시간 05분",성인/모든 결제수단,"편도 6,089,300원~"
2023-07-26,대한항공,21:00CDG,15:00ICN,+1일,"직항, 11시간 00분",성인/모든 결제수단,"편도 10,793,200원~"
2023-07-26,여러항공사,12:45CDG,05:10ICN,+2일,"경유 1, 33시간 25분",성인/모든 결제수단,"편도 17,871,600원~"
2023-07-26,여러항공사,22:00CDG,22:05GMP,+1일,"경유 1, 17시간 05분",성인/모든 결제수단,"편도 18,071,800원~"
2023-07-26,여러항공사,12:45CDG,17:00ICN,+1일,"경유 1, 21시간 15분",성인/모든 결제수단,"편도 20,011,800원~"
2023-07-26,여러항공사,12:45CDG,05:25ICN,+2일,"경유 1, 33시간 40분",성인/모든 결제수단,"편도 20,047,900원~"
2023-07-26,캐세이퍼시픽항공,12:45CDG,14:10ICN,+1일,"경유 1, 18시간 25분",성인/모든 결제수단,"편도 20,063,000원~"
2023-07-26,캐세이퍼시픽항공,12:45CDG,12:35ICN,+1일,"경유 1, 16시간 50분",성인/모든 결제수단,"편도 20,063,000원~"
2023-07-26,캐세이퍼시픽항공,12:45CDG,19:15ICN,+1일,"경유 1, 23시간 30분",성인/모든 결제수단,"편도 20,063,000원~"
2023-07-26,캐세이퍼시픽항공,12:45CDG,21:15ICN,+1일,"경유 1, 25시간 30분",성인/모든 결제수단,"편도 20,063,000원~"
2023-07-27,에미레이트항공,21:55CDG,17:00ICN,+2일,"경유 1, 36시간 05분",성인/모든 결제수단,"편도 6,089,300원~"
2023-07-27,에미레이트항공,15:35CDG,17:00ICN,+1일,"경유 1, 18시간 25분",성인/모든 결제수단,"편도 6,089,300원~"
2023-07-27,에미레이트항공,11:25CDG,17:00ICN,+1일,"경유 1, 22시간 35분",성인/모든 결제수단,"편도 6,089,300원~"
2023-07-27,대한항공,21:00CDG,15:00ICN,+1일,"직항, 11시간 00분",성인/모든 결제수단,"편도 10,793,200원~"
2023-07-27,ANA항공 공동운항 정보확인필요,07:40CDG,14:25GMP,+1일,"경유 2, 23시간 45분",성인/모든 결제수단,"편도 17,671,000원~"
2023-07-27,ANA항공 공동운항 정보확인필요,07:40CDG,14:25GMP,+1일,"경유 2, 23시간 45분",성인/모든 결제수단,"편도 17,671,000원~"
2023-07-27,여러항공사,12:45CDG,05:10ICN,+2일,"경유 1, 33시간 25분",성인/모든 결제수단,"편도 17,994,000원~"
2023-07-27,여러항공사,22:00CDG,22:05GMP,+1일,"경유 1, 17시간 05분",성인/모든 결제수단,"편도 18,071,800원~"
2023-07-27,여러항공사,12:45CDG,05:25ICN,+2일,"경유 1, 33시간 40분",성인/모든 결제수단,"편도 20,047,900원~"
2023-07-27,캐세이퍼시픽항공,12:45CDG,21:15ICN,+1일,"경유 1, 25시간 30분",성인/모든 결제수단,"편도 20,063,000원~"
2023-07-27,캐세이퍼시픽항공,12:45CDG,19:15ICN,+1일,"경유 1, 23시간 30분",성인/모든 결제수단,"편도 20,063,000원~"
2023-07-27,캐세이퍼시픽항공,12:45CDG,14:10ICN,+1일,"경유 1, 18시간 25분",성인/모든 결제수단,"편도 20,063,000원~"
2023-07-27,캐세이퍼시픽항공,12:45CDG,12:35ICN,+1일,"경유 1, 16시간 50분",성인/모든 결제수단,"편도 20,063,000원~"
2023-07-28,에미레이트항공,21:55CDG,17:00ICN,+2일,"경유 1, 36시간 05분",성인/모든 결제수단,"편도 6,089,300원~"
2023-07-28,에미레이트항공,11:25CDG,17:00ICN,+1일,"경유 1, 22시간 35분",성인/모든 결제수단,"편도 6,089,300원~"
2023-07-28,에미레이트항공,15:35CDG,17:00ICN,+1일,"경유 1, 18시간 25분",성인/모든 결제수단,"편도 6,089,300원~"
2023-07-28,대한항공,21:00CDG,15:00ICN,+1일,"직항, 11시간 00분",성인/모든 결제수단,"편도 10,793,200원~"
2023-07-29,에미레이트항공,21:55CDG,17:00ICN,+2일,"경유 1, 36시간 05분",성인/모든 결제수단,"편도 6,089,300원~"
2023-07-29,에미레이트항공,11:25CDG,17:00ICN,+1일,"경유 1, 22시간 35분",성인/모든 결제수단,"편도 6,089,300원~"
2023-07-29,에미레이트항공,15:35CDG,17:00ICN,+1일,"경유 1, 18시간 25분",성인/모든 결제수단,"편도 6,089,300원~"
2023-07-29,대한항공,21:00CDG,15:00ICN,+1일,"직항, 11시간 00분",성인/모든 결제수단,"편도 10,793,200원~"
2023-07-29,싱가폴항공,12:00CDG,15:35ICN,+1일,"경유 1, 20시간 35분",성인/모든 결제수단,"편도 13,154,000원~"
2023-07-29,싱가폴항공,12:00CDG,07:45ICN,+2일,"경유 1, 36시간 45분",성인/모든 결제수단,"편도 13,154,000원~"
2023-07-29,싱가폴항공공동운항 정보확인필요,12:00CDG,10:50ICN,+2일,"경유 1, 39시간 50분",성인/모든 결제수단,"편도 13,154,000원~"
2023-07-29,싱가폴항공,12:00CDG,09:50ICN,+2일,"경유 1, 38시간 50분",성인/모든 결제수단,"편도 13,154,000원~"
2023-07-29,싱가폴항공,12:00CDG,22:15ICN,+1일,"경유 1, 27시간 15분",성인/모든 결제수단,"편도 13,154,000원~"
2023-07-29,여러항공사싱가폴항공 공동운항,12:00CDG,15:35ICN,+1일,"경유 1, 20시간 35분",성인/모든 결제수단,"편도 17,376,200원~"
2023-07-29,여러항공사,12:45CDG,05:10ICN,+2일,"경유 1, 33시간 25분",성인/모든 결제수단,"편도 17,871,600원~"
2023-07-29,여러항공사,22:00CDG,11:45GMP,+2일,"경유 1, 30시간 45분",성인/모든 결제수단,"편도 18,071,800원~"
2023-07-29,여러항공사,22:00CDG,22:05GMP,+1일,"경유 1, 17시간 05분",성인/모든 결제수단,"편도 18,071,800원~"
2023-07-29,여러항공사,12:45CDG,05:25ICN,+2일,"경유 1, 33시간 40분",성인/모든 결제수단,"편도 20,032,400원~"
2023-07-29,캐세이퍼시픽항공,12:45CDG,21:15ICN,+1일,"경유 1, 25시간 30분",성인/모든 결제수단,"편도 20,063,000원~"
2023-07-29,캐세이퍼시픽항공,12:45CDG,14:10ICN,+1일,"경유 1, 18시간 25분",성인/모든 결제수단,"편도 20,063,000원~"
2023-07-29,캐세이퍼시픽항공,12:45CDG,12:35ICN,+1일,"경유 1, 16시간 50분",성인/모든 결제수단,"편도 20,063,000원~"
2023-07-29,캐세이퍼시픽항공,12:45CDG,19:15ICN,+1일,"경유 1, 23시간 30분",성인/모든 결제수단,"편도 20,063,000원~"
2023-07-30,에미레이트항공,15:35CDG,17:00ICN,+1일,"경유 1, 18시간 25분",성인/모든 결제수단,"편도 6,089,300원~"
2023-07-30,에미레이트항공,11:25CDG,17:00ICN,+1일,"경유 1, 22시간 35분",성인/모든 결제수단,"편도 6,089,300원~"
2023-07-30,에미레이트항공,21:55CDG,17:00ICN,+2일,"경유 1, 36시간 05분",성인/모든 결제수단,"편도 6,089,300원~"
2023-07-30,대한항공,21:00CDG,15:00ICN,+1일,"직항, 11시간 00분",성인/모든 결제수단,"편도 10,793,200원~"
2023-07-31,에미레이트항공,11:25CDG,17:00ICN,+1일,"경유 1, 22시간 35분",성인/모든 결제수단,"편도 6,089,300원~"
2023-07-31,에미레이트항공,15:35CDG,17:00ICN,+1일,"경유 1, 18시간 25분",성인/모든 결제수단,"편도 6,089,300원~"
2023-07-31,에미레이트항공,21:55CDG,17:00ICN,+2일,"경유 1, 36시간 05분",성인/모든 결제수단,"편도 6,089,300원~"
2023-07-31,대한항공,21:00CDG,15:00ICN,+1일,"직항, 11시간 00분",성인/모든 결제수단,"편도 10,793,200원~"
2023-07-31,싱가폴항공,12:00CDG,09:50ICN,+2일,"경유 1, 38시간 50분",성인/모든 결제수단,"편도 13,154,000원~"
2023-07-31,싱가폴항공,12:00CDG,22:15ICN,+1일,"경유 1, 27시간 15분",성인/모든 결제수단,"편도 13,154,000원~"
2023-07-31,싱가폴항공,12:00CDG,07:45ICN,+2일,"경유 1, 36시간 45분",성인/모든 결제수단,"편도 13,154,000원~"
2023-07-31,싱가폴항공,12:00CDG,15:35ICN,+1일,"경유 1, 20시간 35분",성인/모든 결제수단,"편도 13,154,000원~"
2023-07-31,여러항공사,12:00CDG,06:20ICN,+2일,"경유 1, 35시간 20분",성인/모든 결제수단,"편도 15,294,200원~"
2023-07-31,여러항공사싱가폴항공 공동운항,12:00CDG,22:15ICN,+1일,"경유 1, 27시간 15분",성인/모든 결제수단,"편도 17,376,200원~"
2023-07-31,여러항공사싱가폴항공 공동운항,12:00CDG,15:35ICN,+1일,"경유 1, 20시간 35분",성인/모든 결제수단,"편도 17,376,200원~"
2023-07-31,ANA항공 공동운항 정보확인필요,09:35CDG,14:25GMP,+1일,"경유 2, 21시간 50분",성인/모든 결제수단,"편도 17,671,000원~"
2023-07-31,여러항공사,12:45CDG,05:10ICN,+2일,"경유 1, 33시간 25분",성인/모든 결제수단,"편도 17,922,600원~"
2023-07-31,여러항공사,12:45CDG,17:00ICN,+1일,"경유 1, 21시간 15분",성인/모든 결제수단,"편도 20,011,800원~"
2023-07-31,여러항공사,12:45CDG,05:25ICN,+2일,"경유 1, 33시간 40분",성인/모든 결제수단,"편도 20,047,900원~"
2023-07-31,캐세이퍼시픽항공,12:45CDG,21:15ICN,+1일,"경유 1, 25시간 30분",성인/모든 결제수단,"편도 20,063,000원~"
2023-07-31,캐세이퍼시픽항공,12:45CDG,19:15ICN,+1일,"경유 1, 23시간 30분",성인/모든 결제수단,"편도 20,063,000원~"
2023-07-31,캐세이퍼시픽항공,12:45CDG,14:10ICN,+1일,"경유 1, 18시간 25분",성인/모든 결제수단,"편도 20,063,000원~"
2023-08-01,에미레이트항공,15:35CDG,17:00ICN,+1일,"경유 1, 18시간 25분",성인/모든 결제수단,"편도 6,089,300원~"
2023-08-01,에미레이트항공,21:55CDG,17:00ICN,+2일,"경유 1, 36시간 05분",성인/모든 결제수단,"편도 6,089,300원~"
2023-08-01,에미레이트항공,11:25CDG,17:00ICN,+1일,"경유 1, 22시간 35분",성인/모든 결제수단,"편도 6,089,300원~"
2023-08-01,대한항공,21:00CDG,15:00ICN,+1일,"직항, 11시간 00분",성인/모든 결제수단,"편도 10,793,200원~"
2023-08-01,대한항공,17:50CDG,12:40ICN,+1일,"직항, 11시간 50분",성인/모든 결제수단,"편도 10,793,200원~"
2023-08-02,에미레이트항공,15:35CDG,17:00ICN,+1일,"경유 1, 18시간 25분",성인/모든 결제수단,"편도 6,089,300원~"
2023-08-02,에미레이트항공,21:55CDG,17:00ICN,+2일,"경유 1, 36시간 05분",성인/모든 결제수단,"편도 6,089,300원~"
2023-08-02,에미레이트항공,11:25CDG,17:00ICN,+1일,"경유 1, 22시간 35분",성인/모든 결제수단,"편도 6,089,300원~"
2023-08-02,대한항공,21:00CDG,15:00ICN,+1일,"직항, 11시간 00분",성인/모든 결제수단,"편도 10,793,200원~"
2023-08-03,에미레이트항공,21:55CDG,17:00ICN,+2일,"경유 1, 36시간 05분",성인/모든 결제수단,"편도 6,089,300원~"
2023-08-03,에미레이트항공,15:35CDG,17:00ICN,+1일,"경유 1, 18시간 25분",성인/모든 결제수단,"편도 6,089,300원~"
2023-08-03,에미레이트항공,11:25CDG,17:00ICN,+1일,"경유 1, 22시간 35분",성인/모든 결제수단,"편도 6,089,300원~"
2023-08-03,대한항공,21:00CDG,15:00ICN,+1일,"직항, 11시간 00분",성인/모든 결제수단,"편도 10,793,200원~"
2023-08-03,싱가폴항공,12:00CDG,22:15ICN,+1일,"경유 1, 27시간 15분",성인/모든 결제수단,"편도 13,154,000원~"
2023-08-03,싱가폴항공,12:00CDG,07:45ICN,+2일,"경유 1, 36시간 45분",성인/모든 결제수단,"편도 13,154,000원~"
2023-08-03,싱가폴항공,12:00CDG,09:50ICN,+2일,"경유 1, 38시간 50분",성인/모든 결제수단,"편도 13,154,000원~"
2023-08-03,싱가폴항공,12:00CDG,15:35ICN,+1일,"경유 1, 20시간 35분",성인/모든 결제수단,"편도 13,154,000원~"
2023-08-03,싱가폴항공공동운항 정보확인필요,12:00CDG,10:50ICN,+2일,"경유 1, 39시간 50분",성인/모든 결제수단,"편도 13,154,000원~"
2023-08-03,여러항공사,12:00CDG,06:20ICN,+2일,"경유 1, 35시간 20분",성인/모든 결제수단,"편도 15,294,200원~"
2023-08-03,여러항공사싱가폴항공 공동운항,12:00CDG,15:35ICN,+1일,"경유 1, 20시간 35분",성인/모든 결제수단,"편도 17,376,200원~"
2023-08-03,여러항공사싱가폴항공 공동운항,12:00CDG,22:15ICN,+1일,"경유 1, 27시간 15분",성인/모든 결제수단,"편도 17,376,200원~"
2023-08-03,여러항공사,12:45CDG,05:10ICN,+2일,"경유 1, 33시간 25분",성인/모든 결제수단,"편도 17,871,600원~"
2023-08-03,캐세이퍼시픽항공,12:45CDG,21:15ICN,+1일,"경유 1, 25시간 30분",성인/모든 결제수단,"편도 20,063,000원~"
2023-08-03,캐세이퍼시픽항공,12:45CDG,19:15ICN,+1일,"경유 1, 23시간 30분",성인/모든 결제수단,"편도 20,063,000원~"
2023-08-04,에미레이트항공,15:35CDG,17:00ICN,+1일,"경유 1, 18시간 25분",성인/모든 결제수단,"편도 6,089,300원~"
2023-08-04,에미레이트항공,21:55CDG,17:00ICN,+2일,"경유 1, 36시간 05분",성인/모든 결제수단,"편도 6,089,300원~"
2023-08-04,에미레이트항공,11:25CDG,17:00ICN,+1일,"경유 1, 22시간 35분",성인/모든 결제수단,"편도 6,089,300원~"
2023-08-04,대한항공,21:00CDG,15:00ICN,+1일,"직항, 11시간 00분",성인/모든 결제수단,"편도 10,793,200원~"
2023-08-05,에미레이트항공,15:35CDG,17:00ICN,+1일,"경유 1, 18시간 25분",성인/모든 결제수단,"편도 6,089,300원~"
2023-08-05,에미레이트항공,11:25CDG,17:00ICN,+1일,"경유 1, 22시간 35분",성인/모든 결제수단,"편도 6,089,300원~"
2023-08-05,에미레이트항공,21:55CDG,17:00ICN,+2일,"경유 1, 36시간 05분",성인/모든 결제수단,"편도 7,965,800원~"
2023-08-05,대한항공,21:00CDG,15:00ICN,+1일,"직항, 11시간 00분",성인/모든 결제수단,"편도 10,793,200원~"
2023-08-05,여러항공사,12:45CDG,05:10ICN,+2일,"경유 1, 33시간 25분",성인/모든 결제수단,"편도 17,871,600원~"
2023-08-05,여러항공사,12:45CDG,05:25ICN,+2일,"경유 1, 33시간 40분",성인/모든 결제수단,"편도 20,047,900원~"
2023-08-05,캐세이퍼시픽항공,12:45CDG,14:10ICN,+1일,"경유 1, 18시간 25분",성인/모든 결제수단,"편도 20,063,000원~"
2023-08-05,캐세이퍼시픽항공,12:45CDG,12:35ICN,+1일,"경유 1, 16시간 50분",성인/모든 결제수단,"편도 20,063,000원~"
2023-08-05,캐세이퍼시픽항공,12:45CDG,21:15ICN,+1일,"경유 1, 25시간 30분",성인/모든 결제수단,"편도 20,063,000원~"
2023-08-05,캐세이퍼시픽항공,12:45CDG,19:15ICN,+1일,"경유 1, 23시간 30분",성인/모든 결제수단,"편도 20,063,000원~"
2023-08-06,에미레이트항공,11:25CDG,17:00ICN,+1일,"경유 1, 22시간 35분",성인/모든 결제수단,"편도 6,089,300원~"
2023-08-06,에미레이트항공,21:55CDG,17:00ICN,+2일,"경유 1, 36시간 05분",성인/모든 결제수단,"편도 6,089,300원~"
2023-08-06,에미레이트항공,15:35CDG,17:00ICN,+1일,"경유 1, 18시간 25분",성인/모든 결제수단,"편도 6,089,300원~"
2023-08-06,대한항공,21:00CDG,15:00ICN,+1일,"직항, 11시간 00분",성인/모든 결제수단,"편도 10,793,200원~"
2023-08-06,여러항공사,12:45CDG,05:10ICN,+2일,"경유 1, 33시간 25분",성인/모든 결제수단,"편도 17,871,600원~"
2023-08-06,여러항공사,12:45CDG,05:25ICN,+2일,"경유 1, 33시간 40분",성인/모든 결제수단,"편도 20,047,900원~"
2023-08-06,캐세이퍼시픽항공,12:45CDG,14:10ICN,+1일,"경유 1, 18시간 25분",성인/모든 결제수단,"편도 20,063,000원~"
2023-08-06,캐세이퍼시픽항공,12:45CDG,21:15ICN,+1일,"경유 1, 25시간 30분",성인/모든 결제수단,"편도 20,063,000원~"
2023-08-06,캐세이퍼시픽항공,12:45CDG,19:15ICN,+1일,"경유 1, 23시간 30분",성인/모든 결제수단,"편도 20,063,000원~"
2023-08-07,에미레이트항공,11:25CDG,17:00ICN,+1일,"경유 1, 22시간 35분",성인/모든 결제수단,"편도 6,089,300원~"
2023-08-07,에미레이트항공,15:35CDG,17:00ICN,+1일,"경유 1, 18시간 25분",성인/모든 결제수단,"편도 6,089,300원~"
2023-08-07,에미레이트항공,21:55CDG,17:00ICN,+2일,"경유 1, 36시간 05분",성인/모든 결제수단,"편도 6,089,300원~"
2023-08-07,캐세이퍼시픽항공,12:45CDG,14:10ICN,+1일,"경유 1, 18시간 25분",성인/모든 결제수단,"편도 8,745,200원~"
2023-08-07,캐세이퍼시픽항공,12:45CDG,19:15ICN,+1일,"경유 1, 23시간 30분",성인/모든 결제수단,"편도 8,745,200원~"
2023-08-07,캐세이퍼시픽항공,12:45CDG,21:15ICN,+1일,"경유 1, 25시간 30분",성인/모든 결제수단,"편도 8,745,200원~"
2023-08-07,대한항공,21:00CDG,15:00ICN,+1일,"직항, 11시간 00분",성인/모든 결제수단,"편도 10,793,200원~"
2023-08-07,싱가폴항공,12:00CDG,15:35ICN,+1일,"경유 1, 20시간 35분",성인/모든 결제수단,"편도 13,154,000원~"
2023-08-07,싱가폴항공,12:00CDG,09:50ICN,+2일,"경유 1, 38시간 50분",성인/모든 결제수단,"편도 13,154,000원~"
2023-08-07,싱가폴항공,12:00CDG,07:45ICN,+2일,"경유 1, 36시간 45분",성인/모든 결제수단,"편도 13,154,000원~"
2023-08-07,싱가폴항공,12:00CDG,22:15ICN,+1일,"경유 1, 27시간 15분",성인/모든 결제수단,"편도 13,154,000원~"
2023-08-07,여러항공사,12:00CDG,06:20ICN,+2일,"경유 1, 35시간 20분",성인/모든 결제수단,"편도 15,294,200원~"
2023-08-07,여러항공사싱가폴항공 공동운항,12:00CDG,15:35ICN,+1일,"경유 1, 20시간 35분",성인/모든 결제수단,"편도 17,376,200원~"
2023-08-07,여러항공사싱가폴항공 공동운항,12:00CDG,22:15ICN,+1일,"경유 1, 27시간 15분",성인/모든 결제수단,"편도 17,376,200원~"
2023-08-07,여러항공사,12:45CDG,05:10ICN,+2일,"경유 1, 33시간 25분",성인/모든 결제수단,"편도 17,871,600원~"
2023-08-07,여러항공사,22:00CDG,22:05GMP,+1일,"경유 1, 17시간 05분",성인/모든 결제수단,"편도 18,071,800원~"
2023-08-07,여러항공사,12:45CDG,17:00ICN,+1일,"경유 1, 21시간 15분",성인/모든 결제수단,"편도 20,011,800원~"
2023-08-07,여러항공사,12:45CDG,05:25ICN,+2일,"경유 1, 33시간 40분",성인/모든 결제수단,"편도 20,047,900원~"
2023-08-08,에미레이트항공,15:35CDG,17:00ICN,+1일,"경유 1, 18시간 25분",성인/모든 결제수단,"편도 6,089,300원~"
2023-08-08,에미레이트항공,11:25CDG,17:00ICN,+1일,"경유 1, 22시간 35분",성인/모든 결제수단,"편도 6,089,300원~"
2023-08-08,에미레이트항공,21:55CDG,17:00ICN,+2일,"경유 1, 36시간 05분",성인/모든 결제수단,"편도 6,089,300원~"
2023-08-08,캐세이퍼시픽항공,12:45CDG,21:15ICN,+1일,"경유 1, 25시간 30분",성인/모든 결제수단,"편도 8,745,200원~"
2023-08-08,캐세이퍼시픽항공,12:45CDG,19:15ICN,+1일,"경유 1, 23시간 30분",성인/모든 결제수단,"편도 8,745,200원~"
2023-08-08,캐세이퍼시픽항공,12:45CDG,14:10ICN,+1일,"경유 1, 18시간 25분",성인/모든 결제수단,"편도 8,745,200원~"
2023-08-08,대한항공,17:50CDG,12:40ICN,+1일,"직항, 11시간 50분",성인/모든 결제수단,"편도 10,793,200원~"
2023-08-08,대한항공,21:00CDG,15:00ICN,+1일,"직항, 11시간 00분",성인/모든 결제수단,"편도 10,793,200원~"
2023-08-08,여러항공사,21:45CDG,14:35ICN,+2일,"경유 1, 33시간 50분",성인/모든 결제수단,"편도 10,877,900원~"
2023-08-08,여러항공사,14:15CDG,14:35ICN,+1일,"경유 1, 17시간 20분",성인/모든 결제수단,"편도 10,917,900원~"
2023-08-08,싱가폴항공공동운항 정보확인필요,12:00CDG,10:50ICN,+2일,"경유 1, 39시간 50분",성인/모든 결제수단,"편도 13,154,000원~"
2023-08-08,싱가폴항공,12:00CDG,22:15ICN,+1일,"경유 1, 27시간 15분",성인/모든 결제수단,"편도 13,154,000원~"
2023-08-08,싱가폴항공,12:00CDG,07:45ICN,+2일,"경유 1, 36시간 45분",성인/모든 결제수단,"편도 13,154,000원~"
2023-08-08,싱가폴항공,12:00CDG,15:35ICN,+1일,"경유 1, 20시간 35분",성인/모든 결제수단,"편도 13,154,000원~"
2023-08-08,싱가폴항공,12:00CDG,09:50ICN,+2일,"경유 1, 38시간 50분",성인/모든 결제수단,"편도 13,154,000원~"
2023-08-08,여러항공사싱가폴항공 공동운항,12:00CDG,15:35ICN,+1일,"경유 1, 20시간 35분",성인/모든 결제수단,"편도 17,376,200원~"
2023-08-08,ANA항공 공동운항 정보확인필요,09:35CDG,14:25GMP,+1일,"경유 2, 21시간 50분",성인/모든 결제수단,"편도 17,671,000원~"
2023-08-08,ANA항공 공동운항 정보확인필요,09:35CDG,14:25GMP,+1일,"경유 2, 21시간 50분",성인/모든 결제수단,"편도 17,671,000원~"
2023-08-08,여러항공사,12:45CDG,05:10ICN,+2일,"경유 1, 33시간 25분",성인/모든 결제수단,"편도 17,871,600원~"
2023-08-08,여러항공사,12:45CDG,05:25ICN,+2일,"경유 1, 33시간 40분",성인/모든 결제수단,"편도 20,047,900원~"
2023-08-09,에미레이트항공,15:35CDG,17:00ICN,+1일,"경유 1, 18시간 25분",성인/모든 결제수단,"편도 6,089,300원~"
2023-08-09,에미레이트항공,11:25CDG,17:00ICN,+1일,"경유 1, 22시간 35분",성인/모든 결제수단,"편도 6,089,300원~"
2023-08-09,에미레이트항공,21:55CDG,17:00ICN,+2일,"경유 1, 36시간 05분",성인/모든 결제수단,"편도 6,089,300원~"
2023-08-09,대한항공,21:00CDG,15:00ICN,+1일,"직항, 11시간 00분",성인/모든 결제수단,"편도 10,793,200원~"
2023-08-09,싱가폴항공,12:00CDG,07:45ICN,+2일,"경유 1, 36시간 45분",성인/모든 결제수단,"편도 13,154,000원~"
2023-08-09,싱가폴항공,12:00CDG,22:15ICN,+1일,"경유 1, 27시간 15분",성인/모든 결제수단,"편도 13,154,000원~"
2023-08-09,싱가폴항공,12:00CDG,09:50ICN,+2일,"경유 1, 38시간 50분",성인/모든 결제수단,"편도 13,154,000원~"
2023-08-09,싱가폴항공,12:00CDG,15:35ICN,+1일,"경유 1, 20시간 35분",성인/모든 결제수단,"편도 13,154,000원~"
2023-08-09,여러항공사싱가폴항공 공동운항,12:00CDG,15:35ICN,+1일,"경유 1, 20시간 35분",성인/모든 결제수단,"편도 17,376,200원~"
2023-08-09,여러항공사,12:45CDG,05:10ICN,+2일,"경유 1, 33시간 25분",성인/모든 결제수단,"편도 17,871,600원~"
2023-08-09,여러항공사,12:45CDG,17:00ICN,+1일,"경유 1, 21시간 15분",성인/모든 결제수단,"편도 20,011,800원~"
2023-08-09,여러항공사,12:45CDG,05:25ICN,+2일,"경유 1, 33시간 40분",성인/모든 결제수단,"편도 20,047,900원~"
2023-08-09,캐세이퍼시픽항공,12:45CDG,19:15ICN,+1일,"경유 1, 23시간 30분",성인/모든 결제수단,"편도 20,063,000원~"
2023-08-09,캐세이퍼시픽항공,12:45CDG,12:35ICN,+1일,"경유 1, 16시간 50분",성인/모든 결제수단,"편도 20,063,000원~"
2023-08-09,캐세이퍼시픽항공,12:45CDG,14:10ICN,+1일,"경유 1, 18시간 25분",성인/모든 결제수단,"편도 20,063,000원~"
2023-08-09,캐세이퍼시픽항공,12:45CDG,21:15ICN,+1일,"경유 1, 25시간 30분",성인/모든 결제수단,"편도 20,063,000원~"
2023-08-10,에미레이트항공,15:35CDG,17:00ICN,+1일,"경유 1, 18시간 25분",성인/모든 결제수단,"편도 6,089,300원~"
2023-08-10,에미레이트항공,11:25CDG,17:00ICN,+1일,"경유 1, 22시간 35분",성인/모든 결제수단,"편도 6,089,300원~"
2023-08-10,에미레이트항공,21:55CDG,17:00ICN,+2일,"경유 1, 36시간 05분",성인/모든 결제수단,"편도 6,089,300원~"
2023-08-10,대한항공,21:00CDG,15:00ICN,+1일,"직항, 11시간 00분",성인/모든 결제수단,"편도 10,793,200원~"
2023-08-10,여러항공사,08:55CDG,14:35ICN,+1일,"경유 1, 22시간 40분",성인/모든 결제수단,"편도 10,877,900원~"
2023-08-10,싱가폴항공,12:00CDG,07:45ICN,+2일,"경유 1, 36시간 45분",성인/모든 결제수단,"편도 13,154,000원~"
2023-08-10,싱가폴항공,12:00CDG,09:50ICN,+2일,"경유 1, 38시간 50분",성인/모든 결제수단,"편도 13,154,000원~"
2023-08-10,싱가폴항공,12:00CDG,22:15ICN,+1일,"경유 1, 27시간 15분",성인/모든 결제수단,"편도 13,154,000원~"
2023-08-10,싱가폴항공,12:00CDG,15:35ICN,+1일,"경유 1, 20시간 35분",성인/모든 결제수단,"편도 13,154,000원~"
2023-08-10,싱가폴항공공동운항 정보확인필요,12:00CDG,10:50ICN,+2일,"경유 1, 39시간 50분",성인/모든 결제수단,"편도 13,154,000원~"
2023-08-10,여러항공사,12:00CDG,06:20ICN,+2일,"경유 1, 35시간 20분",성인/모든 결제수단,"편도 15,294,200원~"
2023-08-10,여러항공사싱가폴항공 공동운항,12:00CDG,22:15ICN,+1일,"경유 1, 27시간 15분",성인/모든 결제수단,"편도 17,376,200원~"
2023-08-10,여러항공사싱가폴항공 공동운항,12:00CDG,15:35ICN,+1일,"경유 1, 20시간 35분",성인/모든 결제수단,"편도 17,376,200원~"
2023-08-10,ANA항공 공동운항 정보확인필요,06:00CDG,14:25GMP,+1일,"경유 2, 25시간 25분",성인/모든 결제수단,"편도 17,671,000원~"
2023-08-10,여러항공사,12:45CDG,05:10ICN,+2일,"경유 1, 33시간 25분",성인/모든 결제수단,"편도 17,871,600원~"
2023-08-10,캐세이퍼시픽항공,12:45CDG,21:15ICN,+1일,"경유 1, 25시간 30분",성인/모든 결제수단,"편도 20,063,000원~"
2023-08-10,캐세이퍼시픽항공,12:45CDG,19:15ICN,+1일,"경유 1, 23시간 30분",성인/모든 결제수단,"편도 20,063,000원~"
2023-08-10,캐세이퍼시픽항공,12:45CDG,14:10ICN,+1일,"경유 1, 18시간 25분",성인/모든 결제수단,"편도 20,063,000원~"
2023-08-10,캐세이퍼시픽항공,12:45CDG,12:35ICN,+1일,"경유 1, 16시간 50분",성인/모든 결제수단,"편도 20,063,000원~"
2023-08-11,에미레이트항공,11:25CDG,17:00ICN,+1일,"경유 1, 22시간 35분",성인/모든 결제수단,"편도 6,089,300원~"
2023-08-11,에미레이트항공,15:35CDG,17:00ICN,+1일,"경유 1, 18시간 25분",성인/모든 결제수단,"편도 6,089,300원~"
2023-08-11,에미레이트항공,21:55CDG,17:00ICN,+2일,"경유 1, 36시간 05분",성인/모든 결제수단,"편도 6,089,300원~"
2023-08-11,대한항공,21:00CDG,15:00ICN,+1일,"직항, 11시간 00분",성인/모든 결제수단,"편도 10,793,200원~"
2023-08-12,에미레이트항공,15:35CDG,17:00ICN,+1일,"경유 1, 18시간 25분",성인/모든 결제수단,"편도 6,089,300원~"
2023-08-12,에미레이트항공,11:25CDG,17:00ICN,+1일,"경유 1, 22시간 35분",성인/모든 결제수단,"편도 6,089,300원~"
2023-08-12,에미레이트항공,21:55CDG,17:00ICN,+2일,"경유 1, 36시간 05분",성인/모든 결제수단,"편도 6,089,300원~"
2023-08-12,캐세이퍼시픽항공,12:45CDG,19:15ICN,+1일,"경유 1, 23시간 30분",성인/모든 결제수단,"편도 8,745,200원~"
2023-08-12,캐세이퍼시픽항공,12:45CDG,21:15ICN,+1일,"경유 1, 25시간 30분",성인/모든 결제수단,"편도 8,745,200원~"
2023-08-12,캐세이퍼시픽항공,12:45CDG,12:35ICN,+1일,"경유 1, 16시간 50분",성인/모든 결제수단,"편도 8,745,200원~"
2023-08-12,캐세이퍼시픽항공,12:45CDG,14:10ICN,+1일,"경유 1, 18시간 25분",성인/모든 결제수단,"편도 8,745,200원~"
2023-08-12,대한항공,21:00CDG,15:00ICN,+1일,"직항, 11시간 00분",성인/모든 결제수단,"편도 10,793,200원~"
2023-08-12,싱가폴항공,12:00CDG,22:15ICN,+1일,"경유 1, 27시간 15분",성인/모든 결제수단,"편도 13,154,000원~"
2023-08-12,싱가폴항공,12:00CDG,15:35ICN,+1일,"경유 1, 20시간 35분",성인/모든 결제수단,"편도 13,154,000원~"
2023-08-12,싱가폴항공공동운항 정보확인필요,12:00CDG,10:50ICN,+2일,"경유 1, 39시간 50분",성인/모든 결제수단,"편도 13,154,000원~"
2023-08-12,싱가폴항공,12:00CDG,09:50ICN,+2일,"경유 1, 38시간 50분",성인/모든 결제수단,"편도 13,154,000원~"
2023-08-12,싱가폴항공,12:00CDG,07:45ICN,+2일,"경유 1, 36시간 45분",성인/모든 결제수단,"편도 13,154,000원~"
2023-08-12,여러항공사싱가폴항공 공동운항,12:00CDG,15:35ICN,+1일,"경유 1, 20시간 35분",성인/모든 결제수단,"편도 17,376,200원~"
2023-08-12,여러항공사싱가폴항공 공동운항,12:00CDG,22:15ICN,+1일,"경유 1, 27시간 15분",성인/모든 결제수단,"편도 17,416,200원~"
2023-08-12,여러항공사,12:45CDG,05:10ICN,+2일,"경유 1, 33시간 25분",성인/모든 결제수단,"편도 17,871,600원~"
2023-08-12,여러항공사,12:45CDG,05:25ICN,+2일,"경유 1, 33시간 40분",성인/모든 결제수단,"편도 20,047,900원~"
2023-08-13,에미레이트항공,15:35CDG,17:00ICN,+1일,"경유 1, 18시간 25분",성인/모든 결제수단,"편도 6,089,300원~"
2023-08-13,에미레이트항공,21:55CDG,17:00ICN,+2일,"경유 1, 36시간 05분",성인/모든 결제수단,"편도 6,089,300원~"
2023-08-13,에미레이트항공,11:25CDG,17:00ICN,+1일,"경유 1, 22시간 35분",성인/모든 결제수단,"편도 6,089,300원~"
2023-08-13,대한항공,21:00CDG,15:00ICN,+1일,"직항, 11시간 00분",성인/모든 결제수단,"편도 10,793,200원~"
2023-08-14,에미레이트항공,21:55CDG,17:00ICN,+2일,"경유 1, 36시간 05분",성인/모든 결제수단,"편도 6,089,300원~"
2023-08-14,에미레이트항공,11:25CDG,17:00ICN,+1일,"경유 1, 22시간 35분",성인/모든 결제수단,"편도 6,089,300원~"
2023-08-14,에미레이트항공,15:35CDG,17:00ICN,+1일,"경유 1, 18시간 25분",성인/모든 결제수단,"편도 6,089,300원~"
2023-08-14,대한항공,21:00CDG,15:00ICN,+1일,"직항, 11시간 00분",성인/모든 결제수단,"편도 10,793,200원~"
2023-08-14,여러항공사,16:25CDG,14:35ICN,+1일,"경유 1, 15시간 10분",성인/모든 결제수단,"편도 10,917,900원~"
2023-08-14,싱가폴항공,12:00CDG,09:50ICN,+2일,"경유 1, 38시간 50분",성인/모든 결제수단,"편도 13,154,000원~"
2023-08-14,싱가폴항공,12:00CDG,15:35ICN,+1일,"경유 1, 20시간 35분",성인/모든 결제수단,"편도 13,154,000원~"
2023-08-14,싱가폴항공,12:00CDG,07:45ICN,+2일,"경유 1, 36시간 45분",성인/모든 결제수단,"편도 13,154,000원~"
2023-08-14,싱가폴항공,12:00CDG,22:15ICN,+1일,"경유 1, 27시간 15분",성인/모든 결제수단,"편도 13,154,000원~"
2023-08-14,여러항공사,12:00CDG,06:20ICN,+2일,"경유 1, 35시간 20분",성인/모든 결제수단,"편도 15,294,200원~"
2023-08-14,여러항공사싱가폴항공 공동운항,12:00CDG,15:35ICN,+1일,"경유 1, 20시간 35분",성인/모든 결제수단,"편도 17,376,200원~"
2023-08-14,여러항공사싱가폴항공 공동운항,12:00CDG,22:15ICN,+1일,"경유 1, 27시간 15분",성인/모든 결제수단,"편도 17,376,200원~"
2023-08-14,ANA항공 공동운항 정보확인필요,09:35CDG,14:25GMP,+1일,"경유 2, 21시간 50분",성인/모든 결제수단,"편도 17,671,000원~"
2023-08-14,ANA항공 공동운항 정보확인필요,09:35CDG,14:25GMP,+1일,"경유 2, 21시간 50분",성인/모든 결제수단,"편도 17,671,000원~"
2023-08-14,여러항공사,12:45CDG,05:10ICN,+2일,"경유 1, 33시간 25분",성인/모든 결제수단,"편도 17,871,600원~"
2023-08-14,여러항공사,12:45CDG,17:00ICN,+1일,"경유 1, 21시간 15분",성인/모든 결제수단,"편도 20,011,800원~"
2023-08-14,여러항공사,12:45CDG,05:25ICN,+2일,"경유 1, 33시간 40분",성인/모든 결제수단,"편도 20,032,400원~"
2023-08-14,캐세이퍼시픽항공,12:45CDG,14:10ICN,+1일,"경유 1, 18시간 25분",성인/모든 결제수단,"편도 20,063,000원~"
2023-08-14,캐세이퍼시픽항공,12:45CDG,21:15ICN,+1일,"경유 1, 25시간 30분",성인/모든 결제수단,"편도 20,063,000원~"
2023-08-14,캐세이퍼시픽항공,12:45CDG,19:15ICN,+1일,"경유 1, 23시간 30분",성인/모든 결제수단,"편도 20,063,000원~"
2023-08-15,에미레이트항공,21:55CDG,17:00ICN,+2일,"경유 1, 36시간 05분",성인/모든 결제수단,"편도 6,089,300원~"
2023-08-15,에미레이트항공,15:35CDG,17:00ICN,+1일,"경유 1, 18시간 25분",성인/모든 결제수단,"편도 6,089,300원~"
2023-08-15,에미레이트항공,11:25CDG,17:00ICN,+1일,"경유 1, 22시간 35분",성인/모든 결제수단,"편도 6,089,300원~"
2023-08-15,대한항공,17:50CDG,12:40ICN,+1일,"직항, 11시간 50분",성인/모든 결제수단,"편도 10,793,200원~"
2023-08-15,대한항공,21:00CDG,15:00ICN,+1일,"직항, 11시간 00분",성인/모든 결제수단,"편도 10,793,200원~"
2023-08-15,여러항공사,16:30CDG,14:35ICN,+1일,"경유 1, 15시간 05분",성인/모든 결제수단,"편도 10,877,900원~"
2023-08-15,싱가폴항공공동운항 정보확인필요,12:00CDG,10:50ICN,+2일,"경유 1, 39시간 50분",성인/모든 결제수단,"편도 13,154,000원~"
2023-08-15,싱가폴항공,12:00CDG,09:50ICN,+2일,"경유 1, 38시간 50분",성인/모든 결제수단,"편도 13,154,000원~"
2023-08-15,싱가폴항공,12:00CDG,22:15ICN,+1일,"경유 1, 27시간 15분",성인/모든 결제수단,"편도 13,154,000원~"
2023-08-15,싱가폴항공,12:00CDG,07:45ICN,+2일,"경유 1, 36시간 45분",성인/모든 결제수단,"편도 13,154,000원~"
2023-08-15,싱가폴항공,12:00CDG,15:35ICN,+1일,"경유 1, 20시간 35분",성인/모든 결제수단,"편도 13,154,000원~"
2023-08-15,여러항공사싱가폴항공 공동운항,12:00CDG,15:35ICN,+1일,"경유 1, 20시간 35분",성인/모든 결제수단,"편도 17,376,200원~"
2023-08-15,여러항공사싱가폴항공 공동운항,12:00CDG,22:15ICN,+1일,"경유 1, 27시간 15분",성인/모든 결제수단,"편도 17,416,200원~"
2023-08-15,ANA항공 공동운항 정보확인필요,09:35CDG,14:25GMP,+1일,"경유 2, 21시간 50분",성인/모든 결제수단,"편도 17,671,000원~"
2023-08-15,ANA항공 공동운항 정보확인필요,09:35CDG,14:25GMP,+1일,"경유 2, 21시간 50분",성인/모든 결제수단,"편도 17,671,000원~"
2023-08-15,여러항공사,12:45CDG,05:10ICN,+2일,"경유 1, 33시간 25분",성인/모든 결제수단,"편도 17,871,600원~"
2023-08-15,여러항공사,12:45CDG,05:25ICN,+2일,"경유 1, 33시간 40분",성인/모든 결제수단,"편도 20,047,900원~"
2023-08-15,캐세이퍼시픽항공,12:45CDG,14:10ICN,+1일,"경유 1, 18시간 25분",성인/모든 결제수단,"편도 20,063,000원~"
2023-08-15,캐세이퍼시픽항공,12:45CDG,19:15ICN,+1일,"경유 1, 23시간 30분",성인/모든 결제수단,"편도 20,063,000원~"
2023-08-15,캐세이퍼시픽항공,12:45CDG,21:15ICN,+1일,"경유 1, 25시간 30분",성인/모든 결제수단,"편도 20,063,000원~"
2023-08-16,에미레이트항공,21:55CDG,17:00ICN,+2일,"경유 1, 36시간 05분",성인/모든 결제수단,"편도 6,089,300원~"
2023-08-16,에미레이트항공,15:35CDG,17:00ICN,+1일,"경유 1, 18시간 25분",성인/모든 결제수단,"편도 6,089,300원~"
2023-08-16,에미레이트항공,11:25CDG,17:00ICN,+1일,"경유 1, 22시간 35분",성인/모든 결제수단,"편도 6,089,300원~"
2023-08-16,캐세이퍼시픽항공,12:45CDG,21:15ICN,+1일,"경유 1, 25시간 30분",성인/모든 결제수단,"편도 8,745,200원~"
2023-08-16,캐세이퍼시픽항공,12:45CDG,19:15ICN,+1일,"경유 1, 23시간 30분",성인/모든 결제수단,"편도 8,745,200원~"
2023-08-16,캐세이퍼시픽항공,12:45CDG,14:10ICN,+1일,"경유 1, 18시간 25분",성인/모든 결제수단,"편도 8,745,200원~"
2023-08-16,캐세이퍼시픽항공,12:45CDG,12:35ICN,+1일,"경유 1, 16시간 50분",성인/모든 결제수단,"편도 8,745,200원~"
2023-08-16,대한항공,21:00CDG,15:00ICN,+1일,"직항, 11시간 00분",성인/모든 결제수단,"편도 10,793,200원~"
2023-08-16,싱가폴항공,12:00CDG,07:45ICN,+2일,"경유 1, 36시간 45분",성인/모든 결제수단,"편도 13,154,000원~"
2023-08-16,싱가폴항공,12:00CDG,09:50ICN,+2일,"경유 1, 38시간 50분",성인/모든 결제수단,"편도 13,154,000원~"
2023-08-16,싱가폴항공,12:00CDG,22:15ICN,+1일,"경유 1, 27시간 15분",성인/모든 결제수단,"편도 13,154,000원~"
2023-08-16,싱가폴항공,12:00CDG,15:35ICN,+1일,"경유 1, 20시간 35분",성인/모든 결제수단,"편도 13,154,000원~"
2023-08-16,여러항공사싱가폴항공 공동운항,12:00CDG,15:35ICN,+1일,"경유 1, 20시간 35분",성인/모든 결제수단,"편도 17,376,200원~"
2023-08-16,여러항공사,12:45CDG,05:10ICN,+2일,"경유 1, 33시간 25분",성인/모든 결제수단,"편도 17,871,600원~"
2023-08-16,여러항공사,22:00CDG,22:05GMP,+1일,"경유 1, 17시간 05분",성인/모든 결제수단,"편도 18,071,800원~"
2023-08-16,여러항공사,12:45CDG,17:00ICN,+1일,"경유 1, 21시간 15분",성인/모든 결제수단,"편도 20,011,800원~"
2023-08-16,여러항공사,12:45CDG,05:25ICN,+2일,"경유 1, 33시간 40분",성인/모든 결제수단,"편도 20,047,900원~"
2023-08-17,에미레이트항공,15:35CDG,17:00ICN,+1일,"경유 1, 18시간 25분",성인/모든 결제수단,"편도 6,089,300원~"
2023-08-17,에미레이트항공,21:55CDG,17:00ICN,+2일,"경유 1, 36시간 05분",성인/모든 결제수단,"편도 6,089,300원~"
2023-08-17,에미레이트항공,11:25CDG,17:00ICN,+1일,"경유 1, 22시간 35분",성인/모든 결제수단,"편도 6,089,300원~"
2023-08-17,캐세이퍼시픽항공,12:45CDG,19:15ICN,+1일,"경유 1, 23시간 30분",성인/모든 결제수단,"편도 8,745,200원~"
2023-08-17,캐세이퍼시픽항공,12:45CDG,21:15ICN,+1일,"경유 1, 25시간 30분",성인/모든 결제수단,"편도 8,745,200원~"
2023-08-17,캐세이퍼시픽항공,12:45CDG,14:10ICN,+1일,"경유 1, 18시간 25분",성인/모든 결제수단,"편도 8,745,200원~"
2023-08-17,캐세이퍼시픽항공,12:45CDG,12:35ICN,+1일,"경유 1, 16시간 50분",성인/모든 결제수단,"편도 8,745,200원~"
2023-08-17,대한항공,21:00CDG,15:00ICN,+1일,"직항, 11시간 00분",성인/모든 결제수단,"편도 10,793,200원~"
2023-08-17,여러항공사,16:25CDG,14:35ICN,+1일,"경유 1, 15시간 10분",성인/모든 결제수단,"편도 10,917,900원~"
2023-08-17,여러항공사,12:45CDG,05:10ICN,+2일,"경유 1, 33시간 25분",성인/모든 결제수단,"편도 17,871,600원~"
2023-08-18,에미레이트항공,21:55CDG,17:00ICN,+2일,"경유 1, 36시간 05분",성인/모든 결제수단,"편도 6,089,300원~"
2023-08-18,에미레이트항공,15:35CDG,17:00ICN,+1일,"경유 1, 18시간 25분",성인/모든 결제수단,"편도 6,089,300원~"
2023-08-18,에미레이트항공,11:25CDG,17:00ICN,+1일,"경유 1, 22시간 35분",성인/모든 결제수단,"편도 6,089,300원~"
2023-08-18,대한항공,21:00CDG,15:00ICN,+1일,"직항, 11시간 00분",성인/모든 결제수단,"편도 10,793,200원~"
2023-08-19,에미레이트항공,11:25CDG,17:00ICN,+1일,"경유 1, 22시간 35분",성인/모든 결제수단,"편도 6,089,300원~"
2023-08-19,에미레이트항공,15:35CDG,17:00ICN,+1일,"경유 1, 18시간 25분",성인/모든 결제수단,"편도 6,089,300원~"
2023-08-19,에미레이트항공,21:55CDG,17:00ICN,+2일,"경유 1, 36시간 05분",성인/모든 결제수단,"편도 6,089,300원~"
2023-08-19,대한항공,21:00CDG,15:00ICN,+1일,"직항, 11시간 00분",성인/모든 결제수단,"편도 10,793,200원~"
2023-08-20,에미레이트항공,21:55CDG,17:00ICN,+2일,"경유 1, 36시간 05분",성인/모든 결제수단,"편도 6,089,300원~"
2023-08-20,에미레이트항공,11:25CDG,17:00ICN,+1일,"경유 1, 22시간 35분",성인/모든 결제수단,"편도 6,089,300원~"
2023-08-20,에미레이트항공,15:35CDG,17:00ICN,+1일,"경유 1, 18시간 25분",성인/모든 결제수단,"편도 6,089,300원~"
2023-08-20,캐세이퍼시픽항공,12:45CDG,19:15ICN,+1일,"경유 1, 23시간 30분",성인/모든 결제수단,"편도 8,745,200원~"
2023-08-20,캐세이퍼시픽항공,12:45CDG,21:15ICN,+1일,"경유 1, 25시간 30분",성인/모든 결제수단,"편도 8,745,200원~"
2023-08-20,캐세이퍼시픽항공,12:45CDG,14:10ICN,+1일,"경유 1, 18시간 25분",성인/모든 결제수단,"편도 8,745,200원~"
2023-08-20,대한항공,21:00CDG,15:00ICN,+1일,"직항, 11시간 00분",성인/모든 결제수단,"편도 10,793,200원~"
2023-08-20,여러항공사,16:30CDG,14:35ICN,+1일,"경유 1, 15시간 05분",성인/모든 결제수단,"편도 10,877,900원~"
2023-08-20,여러항공사,10:35CDG,14:35ICN,+1일,"경유 1, 21시간 00분",성인/모든 결제수단,"편도 10,877,900원~"
2023-08-20,싱가폴항공,12:00CDG,15:35ICN,+1일,"경유 1, 20시간 35분",성인/모든 결제수단,"편도 13,154,000원~"
2023-08-20,싱가폴항공,12:00CDG,09:50ICN,+2일,"경유 1, 38시간 50분",성인/모든 결제수단,"편도 13,154,000원~"
2023-08-20,싱가폴항공,12:00CDG,07:45ICN,+2일,"경유 1, 36시간 45분",성인/모든 결제수단,"편도 13,154,000원~"
2023-08-20,싱가폴항공,12:00CDG,22:15ICN,+1일,"경유 1, 27시간 15분",성인/모든 결제수단,"편도 13,154,000원~"
2023-08-20,싱가폴항공공동운항 정보확인필요,12:00CDG,10:50ICN,+2일,"경유 1, 39시간 50분",성인/모든 결제수단,"편도 13,154,000원~"
2023-08-20,여러항공사싱가폴항공 공동운항,12:00CDG,15:35ICN,+1일,"경유 1, 20시간 35분",성인/모든 결제수단,"편도 17,376,200원~"
2023-08-20,여러항공사싱가폴항공 공동운항,12:00CDG,22:15ICN,+1일,"경유 1, 27시간 15분",성인/모든 결제수단,"편도 17,416,200원~"
2023-08-20,여러항공사,12:45CDG,05:10ICN,+2일,"경유 1, 33시간 25분",성인/모든 결제수단,"편도 17,871,600원~"
2023-08-20,여러항공사,22:00CDG,22:05GMP,+1일,"경유 1, 17시간 05분",성인/모든 결제수단,"편도 18,071,800원~"
2023-08-20,여러항공사,12:45CDG,05:25ICN,+2일,"경유 1, 33시간 40분",성인/모든 결제수단,"편도 20,047,900원~"
2023-08-21,에미레이트항공,21:55CDG,17:00ICN,+2일,"경유 1, 36시간 05분",성인/모든 결제수단,"편도 6,089,300원~"
2023-08-21,에미레이트항공,11:25CDG,17:00ICN,+1일,"경유 1, 22시간 35분",성인/모든 결제수단,"편도 6,089,300원~"
2023-08-21,에미레이트항공,15:35CDG,17:00ICN,+1일,"경유 1, 18시간 25분",성인/모든 결제수단,"편도 6,089,300원~"
2023-08-21,캐세이퍼시픽항공,12:45CDG,14:10ICN,+1일,"경유 1, 18시간 25분",성인/모든 결제수단,"편도 8,745,200원~"
2023-08-21,캐세이퍼시픽항공,12:45CDG,21:15ICN,+1일,"경유 1, 25시간 30분",성인/모든 결제수단,"편도 8,745,200원~"
2023-08-21,캐세이퍼시픽항공,12:45CDG,19:15ICN,+1일,"경유 1, 23시간 30분",성인/모든 결제수단,"편도 8,745,200원~"
2023-08-21,대한항공,21:00CDG,15:00ICN,+1일,"직항, 11시간 00분",성인/모든 결제수단,"편도 10,793,200원~"
2023-08-21,싱가폴항공,12:00CDG,15:35ICN,+1일,"경유 1, 20시간 35분",성인/모든 결제수단,"편도 13,154,000원~"
2023-08-21,싱가폴항공,12:00CDG,07:45ICN,+2일,"경유 1, 36시간 45분",성인/모든 결제수단,"편도 13,154,000원~"
2023-08-21,싱가폴항공,12:00CDG,09:50ICN,+2일,"경유 1, 38시간 50분",성인/모든 결제수단,"편도 13,154,000원~"
2023-08-21,싱가폴항공,12:00CDG,22:15ICN,+1일,"경유 1, 27시간 15분",성인/모든 결제수단,"편도 13,154,000원~"
2023-08-21,여러항공사,12:00CDG,06:20ICN,+2일,"경유 1, 35시간 20분",성인/모든 결제수단,"편도 15,294,200원~"
2023-08-21,여러항공사싱가폴항공 공동운항,12:00CDG,15:35ICN,+1일,"경유 1, 20시간 35분",성인/모든 결제수단,"편도 17,376,200원~"
2023-08-21,여러항공사싱가폴항공 공동운항,12:00CDG,22:15ICN,+1일,"경유 1, 27시간 15분",성인/모든 결제수단,"편도 17,376,200원~"
2023-08-21,여러항공사,12:45CDG,05:10ICN,+2일,"경유 1, 33시간 25분",성인/모든 결제수단,"편도 17,871,600원~"
2023-08-21,여러항공사,22:00CDG,22:05GMP,+1일,"경유 1, 17시간 05분",성인/모든 결제수단,"편도 18,071,800원~"
2023-08-21,여러항공사,12:45CDG,17:00ICN,+1일,"경유 1, 21시간 15분",성인/모든 결제수단,"편도 20,011,800원~"
2023-08-21,여러항공사,12:45CDG,05:25ICN,+2일,"경유 1, 33시간 40분",성인/모든 결제수단,"편도 20,047,900원~"
2023-08-22,에미레이트항공,11:25CDG,17:00ICN,+1일,"경유 1, 22시간 35분",성인/모든 결제수단,"편도 6,089,300원~"
2023-08-22,에미레이트항공,15:35CDG,17:00ICN,+1일,"경유 1, 18시간 25분",성인/모든 결제수단,"편도 6,089,300원~"
2023-08-22,에미레이트항공,21:55CDG,17:00ICN,+2일,"경유 1, 36시간 05분",성인/모든 결제수단,"편도 6,089,300원~"
2023-08-22,캐세이퍼시픽항공,12:45CDG,14:10ICN,+1일,"경유 1, 18시간 25분",성인/모든 결제수단,"편도 8,745,200원~"
2023-08-22,캐세이퍼시픽항공,12:45CDG,19:15ICN,+1일,"경유 1, 23시간 30분",성인/모든 결제수단,"편도 8,745,200원~"
2023-08-22,캐세이퍼시픽항공,12:45CDG,21:15ICN,+1일,"경유 1, 25시간 30분",성인/모든 결제수단,"편도 8,745,200원~"
2023-08-22,대한항공,21:00CDG,15:00ICN,+1일,"직항, 11시간 00분",성인/모든 결제수단,"편도 10,793,200원~"
2023-08-22,대한항공,17:50CDG,12:40ICN,+1일,"직항, 11시간 50분",성인/모든 결제수단,"편도 10,793,200원~"
2023-08-22,여러항공사,08:55CDG,14:35ICN,+1일,"경유 1, 22시간 40분",성인/모든 결제수단,"편도 10,917,900원~"
2023-08-22,싱가폴항공,12:00CDG,15:35ICN,+1일,"경유 1, 20시간 35분",성인/모든 결제수단,"편도 13,154,000원~"
2023-08-22,싱가폴항공,12:00CDG,09:50ICN,+2일,"경유 1, 38시간 50분",성인/모든 결제수단,"편도 13,154,000원~"
2023-08-22,싱가폴항공,12:00CDG,07:45ICN,+2일,"경유 1, 36시간 45분",성인/모든 결제수단,"편도 13,154,000원~"
2023-08-22,싱가폴항공,12:00CDG,22:15ICN,+1일,"경유 1, 27시간 15분",성인/모든 결제수단,"편도 13,154,000원~"
2023-08-22,싱가폴항공공동운항 정보확인필요,12:00CDG,10:50ICN,+2일,"경유 1, 39시간 50분",성인/모든 결제수단,"편도 13,154,000원~"
2023-08-22,여러항공사싱가폴항공 공동운항,12:00CDG,15:35ICN,+1일,"경유 1, 20시간 35분",성인/모든 결제수단,"편도 17,376,200원~"
2023-08-22,여러항공사싱가폴항공 공동운항,12:00CDG,22:15ICN,+1일,"경유 1, 27시간 15분",성인/모든 결제수단,"편도 17,416,200원~"
2023-08-22,여러항공사,12:45CDG,05:10ICN,+2일,"경유 1, 33시간 25분",성인/모든 결제수단,"편도 17,871,600원~"
2023-08-22,여러항공사,12:45CDG,05:25ICN,+2일,"경유 1, 33시간 40분",성인/모든 결제수단,"편도 20,047,900원~"
2023-08-23,에미레이트항공,11:25CDG,17:00ICN,+1일,"경유 1, 22시간 35분",성인/모든 결제수단,"편도 6,089,300원~"
2023-08-23,에미레이트항공,15:35CDG,17:00ICN,+1일,"경유 1, 18시간 25분",성인/모든 결제수단,"편도 6,089,300원~"
2023-08-23,에미레이트항공,21:55CDG,17:00ICN,+2일,"경유 1, 36시간 05분",성인/모든 결제수단,"편도 6,089,300원~"
2023-08-23,캐세이퍼시픽항공,12:45CDG,12:35ICN,+1일,"경유 1, 16시간 50분",성인/모든 결제수단,"편도 8,745,200원~"
2023-08-24,에미레이트항공,15:35CDG,17:00ICN,+1일,"경유 1, 18시간 25분",성인/모든 결제수단,"편도 6,089,300원~"
2023-08-24,에미레이트항공,11:25CDG,17:00ICN,+1일,"경유 1, 22시간 35분",성인/모든 결제수단,"편도 6,089,300원~"
2023-08-24,에미레이트항공,21:55CDG,17:00ICN,+2일,"경유 1, 36시간 05분",성인/모든 결제수단,"편도 6,089,300원~"
2023-08-24,대한항공,21:00CDG,15:00ICN,+1일,"직항, 11시간 00분",성인/모든 결제수단,"편도 10,793,200원~"
2023-08-24,싱가폴항공,12:00CDG,07:45ICN,+2일,"경유 1, 36시간 45분",성인/모든 결제수단,"편도 13,154,000원~"
2023-08-24,싱가폴항공,12:00CDG,22:15ICN,+1일,"경유 1, 27시간 15분",성인/모든 결제수단,"편도 13,154,000원~"
2023-08-24,싱가폴항공,12:00CDG,09:50ICN,+2일,"경유 1, 38시간 50분",성인/모든 결제수단,"편도 13,154,000원~"
2023-08-24,싱가폴항공,12:00CDG,15:35ICN,+1일,"경유 1, 20시간 35분",성인/모든 결제수단,"편도 13,154,000원~"
2023-08-24,싱가폴항공공동운항 정보확인필요,12:00CDG,10:50ICN,+2일,"경유 1, 39시간 50분",성인/모든 결제수단,"편도 13,154,000원~"
2023-08-24,여러항공사,12:00CDG,06:20ICN,+2일,"경유 1, 35시간 20분",성인/모든 결제수단,"편도 15,294,200원~"
2023-08-24,여러항공사싱가폴항공 공동운항,12:00CDG,22:15ICN,+1일,"경유 1, 27시간 15분",성인/모든 결제수단,"편도 17,376,200원~"
2023-08-24,여러항공사싱가폴항공 공동운항,12:00CDG,15:35ICN,+1일,"경유 1, 20시간 35분",성인/모든 결제수단,"편도 17,376,200원~"
2023-08-24,ANA항공 공동운항 정보확인필요,09:35CDG,14:25GMP,+1일,"경유 2, 21시간 50분",성인/모든 결제수단,"편도 17,671,000원~"
2023-08-24,ANA항공 공동운항 정보확인필요,09:35CDG,14:25GMP,+1일,"경유 2, 21시간 50분",성인/모든 결제수단,"편도 17,671,000원~"
2023-08-24,여러항공사,12:45CDG,05:10ICN,+2일,"경유 1, 33시간 25분",성인/모든 결제수단,"편도 17,871,600원~"
2023-08-24,여러항공사,12:45CDG,05:25ICN,+2일,"경유 1, 33시간 40분",성인/모든 결제수단,"편도 20,047,900원~"
2023-08-24,캐세이퍼시픽항공,12:45CDG,21:15ICN,+1일,"경유 1, 25시간 30분",성인/모든 결제수단,"편도 20,063,000원~"
2023-08-24,캐세이퍼시픽항공,12:45CDG,19:15ICN,+1일,"경유 1, 23시간 30분",성인/모든 결제수단,"편도 20,063,000원~"
2023-08-24,캐세이퍼시픽항공,12:45CDG,12:35ICN,+1일,"경유 1, 16시간 50분",성인/모든 결제수단,"편도 20,063,000원~"
2023-08-24,캐세이퍼시픽항공,12:45CDG,14:10ICN,+1일,"경유 1, 18시간 25분",성인/모든 결제수단,"편도 20,063,000원~"
2023-08-25,에미레이트항공,15:35CDG,17:00ICN,+1일,"경유 1, 18시간 25분",성인/모든 결제수단,"편도 6,089,300원~"
2023-08-25,에미레이트항공,11:25CDG,17:00ICN,+1일,"경유 1, 22시간 35분",성인/모든 결제수단,"편도 6,089,300원~"
2023-08-25,에미레이트항공,21:55CDG,17:00ICN,+2일,"경유 1, 36시간 05분",성인/모든 결제수단,"편도 6,089,300원~"
2023-08-25,대한항공,21:00CDG,15:00ICN,+1일,"직항, 11시간 00분",성인/모든 결제수단,"편도 10,793,200원~"
2023-08-25,싱가폴항공,12:00CDG,22:15ICN,+1일,"경유 1, 27시간 15분",성인/모든 결제수단,"편도 13,154,000원~"
2023-08-25,싱가폴항공,12:00CDG,15:35ICN,+1일,"경유 1, 20시간 35분",성인/모든 결제수단,"편도 13,154,000원~"
2023-08-25,싱가폴항공,12:00CDG,09:50ICN,+2일,"경유 1, 38시간 50분",성인/모든 결제수단,"편도 13,154,000원~"
2023-08-25,싱가폴항공,12:00CDG,07:45ICN,+2일,"경유 1, 36시간 45분",성인/모든 결제수단,"편도 13,154,000원~"
2023-08-25,여러항공사싱가폴항공 공동운항,12:00CDG,15:35ICN,+1일,"경유 1, 20시간 35분",성인/모든 결제수단,"편도 17,376,200원~"
2023-08-25,여러항공사싱가폴항공 공동운항,12:00CDG,22:15ICN,+1일,"경유 1, 27시간 15분",성인/모든 결제수단,"편도 17,416,200원~"
2023-08-25,여러항공사,12:45CDG,05:10ICN,+2일,"경유 1, 33시간 25분",성인/모든 결제수단,"편도 17,810,300원~"
2023-08-25,여러항공사,12:45CDG,17:00ICN,+1일,"경유 1, 21시간 15분",성인/모든 결제수단,"편도 20,011,800원~"
2023-08-25,여러항공사,12:45CDG,05:25ICN,+2일,"경유 1, 33시간 40분",성인/모든 결제수단,"편도 20,047,900원~"
2023-08-25,캐세이퍼시픽항공,12:45CDG,19:15ICN,+1일,"경유 1, 23시간 30분",성인/모든 결제수단,"편도 20,063,000원~"
2023-08-25,캐세이퍼시픽항공,12:45CDG,21:15ICN,+1일,"경유 1, 25시간 30분",성인/모든 결제수단,"편도 20,063,000원~"
2023-08-26,에미레이트항공,15:35CDG,17:00ICN,+1일,"경유 1, 18시간 25분",성인/모든 결제수단,"편도 6,089,300원~"
2023-08-26,에미레이트항공,11:25CDG,17:00ICN,+1일,"경유 1, 22시간 35분",성인/모든 결제수단,"편도 6,089,300원~"
2023-08-26,에미레이트항공,21:55CDG,17:00ICN,+2일,"경유 1, 36시간 05분",성인/모든 결제수단,"편도 6,089,300원~"
2023-08-26,대한항공,21:00CDG,15:00ICN,+1일,"직항, 11시간 00분",성인/모든 결제수단,"편도 10,793,200원~"
2023-08-26,싱가폴항공공동운항 정보확인필요,12:00CDG,10:50ICN,+2일,"경유 1, 39시간 50분",성인/모든 결제수단,"편도 13,154,000원~"
2023-08-26,싱가폴항공,12:00CDG,15:35ICN,+1일,"경유 1, 20시간 35분",성인/모든 결제수단,"편도 13,154,000원~"
2023-08-26,싱가폴항공,12:00CDG,07:45ICN,+2일,"경유 1, 36시간 45분",성인/모든 결제수단,"편도 13,154,000원~"
2023-08-26,싱가폴항공,12:00CDG,09:50ICN,+2일,"경유 1, 38시간 50분",성인/모든 결제수단,"편도 13,154,000원~"
2023-08-26,싱가폴항공,12:00CDG,22:15ICN,+1일,"경유 1, 27시간 15분",성인/모든 결제수단,"편도 13,154,000원~"
2023-08-26,여러항공사싱가폴항공 공동운항,12:00CDG,15:35ICN,+1일,"경유 1, 20시간 35분",성인/모든 결제수단,"편도 17,376,200원~"
2023-08-26,여러항공사,12:45CDG,05:10ICN,+2일,"경유 1, 33시간 25분",성인/모든 결제수단,"편도 17,810,300원~"
2023-08-26,여러항공사,12:45CDG,05:25ICN,+2일,"경유 1, 33시간 40분",성인/모든 결제수단,"편도 20,032,400원~"
2023-08-26,캐세이퍼시픽항공,12:45CDG,19:15ICN,+1일,"경유 1, 23시간 30분",성인/모든 결제수단,"편도 20,063,000원~"
2023-08-26,캐세이퍼시픽항공,12:45CDG,21:15ICN,+1일,"경유 1, 25시간 30분",성인/모든 결제수단,"편도 20,063,000원~"
2023-08-26,캐세이퍼시픽항공,12:45CDG,12:35ICN,+1일,"경유 1, 16시간 50분",성인/모든 결제수단,"편도 20,063,000원~"
2023-08-26,캐세이퍼시픽항공,12:45CDG,14:10ICN,+1일,"경유 1, 18시간 25분",성인/모든 결제수단,"편도 20,063,000원~"
2023-08-27,에미레이트항공,21:55CDG,17:00ICN,+2일,"경유 1, 36시간 05분",성인/모든 결제수단,"편도 6,089,300원~"
2023-08-27,에미레이트항공,11:25CDG,17:00ICN,+1일,"경유 1, 22시간 35분",성인/모든 결제수단,"편도 6,089,300원~"
2023-08-27,에미레이트항공,15:35CDG,17:00ICN,+1일,"경유 1, 18시간 25분",성인/모든 결제수단,"편도 6,089,300원~"
2023-08-27,캐세이퍼시픽항공,12:45CDG,21:15ICN,+1일,"경유 1, 25시간 30분",성인/모든 결제수단,"편도 8,745,200원~"
2023-08-27,캐세이퍼시픽항공,12:45CDG,19:15ICN,+1일,"경유 1, 23시간 30분",성인/모든 결제수단,"편도 8,745,200원~"
2023-08-27,대한항공,21:00CDG,15:00ICN,+1일,"직항, 11시간 00분",성인/모든 결제수단,"편도 10,793,200원~"
2023-08-27,싱가폴항공공동운항 정보확인필요,12:00CDG,10:50ICN,+2일,"경유 1, 39시간 50분",성인/모든 결제수단,"편도 13,154,000원~"
2023-08-27,싱가폴항공,12:00CDG,15:35ICN,+1일,"경유 1, 20시간 35분",성인/모든 결제수단,"편도 13,154,000원~"
2023-08-27,싱가폴항공,12:00CDG,22:15ICN,+1일,"경유 1, 27시간 15분",성인/모든 결제수단,"편도 13,154,000원~"
2023-08-27,싱가폴항공,12:00CDG,07:45ICN,+2일,"경유 1, 36시간 45분",성인/모든 결제수단,"편도 13,154,000원~"
2023-08-27,싱가폴항공,12:00CDG,09:50ICN,+2일,"경유 1, 38시간 50분",성인/모든 결제수단,"편도 13,154,000원~"
2023-08-27,여러항공사싱가폴항공 공동운항,12:00CDG,15:35ICN,+1일,"경유 1, 20시간 35분",성인/모든 결제수단,"편도 17,376,200원~"
2023-08-27,여러항공사,12:45CDG,05:10ICN,+2일,"경유 1, 33시간 25분",성인/모든 결제수단,"편도 17,810,300원~"
2023-08-27,여러항공사,12:45CDG,05:25ICN,+2일,"경유 1, 33시간 40분",성인/모든 결제수단,"편도 20,047,900원~"
2023-08-27,캐세이퍼시픽항공,12:45CDG,14:10ICN,+1일,"경유 1, 18시간 25분",성인/모든 결제수단,"편도 20,063,000원~"
2023-08-28,에미레이트항공,21:55CDG,17:00ICN,+2일,"경유 1, 36시간 05분",성인/모든 결제수단,"편도 6,089,300원~"
2023-08-28,에미레이트항공,11:25CDG,17:00ICN,+1일,"경유 1, 22시간 35분",성인/모든 결제수단,"편도 6,089,300원~"
2023-08-28,에미레이트항공,15:35CDG,17:00ICN,+1일,"경유 1, 18시간 25분",성인/모든 결제수단,"편도 6,089,300원~"
2023-08-28,캐세이퍼시픽항공,12:45CDG,14:10ICN,+1일,"경유 1, 18시간 25분",성인/모든 결제수단,"편도 8,745,200원~"
2023-08-28,캐세이퍼시픽항공,12:45CDG,19:15ICN,+1일,"경유 1, 23시간 30분",성인/모든 결제수단,"편도 8,745,200원~"
2023-08-28,캐세이퍼시픽항공,12:45CDG,21:15ICN,+1일,"경유 1, 25시간 30분",성인/모든 결제수단,"편도 8,745,200원~"
2023-08-28,대한항공,21:00CDG,15:00ICN,+1일,"직항, 11시간 00분",성인/모든 결제수단,"편도 10,793,200원~"
2023-08-28,싱가폴항공,12:00CDG,09:50ICN,+2일,"경유 1, 38시간 50분",성인/모든 결제수단,"편도 13,154,000원~"
2023-08-28,싱가폴항공,12:00CDG,15:35ICN,+1일,"경유 1, 20시간 35분",성인/모든 결제수단,"편도 13,154,000원~"
2023-08-28,싱가폴항공,12:00CDG,22:15ICN,+1일,"경유 1, 27시간 15분",성인/모든 결제수단,"편도 13,154,000원~"
2023-08-28,싱가폴항공,12:00CDG,07:45ICN,+2일,"경유 1, 36시간 45분",성인/모든 결제수단,"편도 13,154,000원~"
2023-08-28,여러항공사,12:00CDG,06:20ICN,+2일,"경유 1, 35시간 20분",성인/모든 결제수단,"편도 15,294,200원~"
2023-08-28,여러항공사싱가폴항공 공동운항,12:00CDG,15:35ICN,+1일,"경유 1, 20시간 35분",성인/모든 결제수단,"편도 17,376,200원~"
2023-08-28,여러항공사싱가폴항공 공동운항,12:00CDG,22:15ICN,+1일,"경유 1, 27시간 15분",성인/모든 결제수단,"편도 17,376,200원~"
2023-08-28,ANA항공 공동운항 정보확인필요,09:35CDG,14:25GMP,+1일,"경유 2, 21시간 50분",성인/모든 결제수단,"편도 17,671,000원~"
2023-08-28,ANA항공 공동운항 정보확인필요,09:35CDG,14:25GMP,+1일,"경유 2, 21시간 50분",성인/모든 결제수단,"편도 17,711,000원~"
2023-08-28,여러항공사,12:45CDG,05:10ICN,+2일,"경유 1, 33시간 25분",성인/모든 결제수단,"편도 17,810,300원~"
2023-08-28,여러항공사,22:00CDG,22:05GMP,+1일,"경유 1, 17시간 05분",성인/모든 결제수단,"편도 18,071,800원~"
2023-08-28,여러항공사,12:45CDG,17:00ICN,+1일,"경유 1, 21시간 15분",성인/모든 결제수단,"편도 20,011,800원~"
2023-08-28,여러항공사,12:45CDG,05:25ICN,+2일,"경유 1, 33시간 40분",성인/모든 결제수단,"편도 20,047,900원~"
2023-08-29,에미레이트항공,21:55CDG,17:00ICN,+2일,"경유 1, 36시간 05분",성인/모든 결제수단,"편도 6,089,300원~"
2023-08-29,에미레이트항공,11:25CDG,17:00ICN,+1일,"경유 1, 22시간 35분",성인/모든 결제수단,"편도 6,089,300원~"
2023-08-29,에미레이트항공,15:35CDG,17:00ICN,+1일,"경유 1, 18시간 25분",성인/모든 결제수단,"편도 6,089,300원~"
2023-08-29,캐세이퍼시픽항공,12:45CDG,21:15ICN,+1일,"경유 1, 25시간 30분",성인/모든 결제수단,"편도 8,745,200원~"
2023-08-29,캐세이퍼시픽항공,12:45CDG,14:10ICN,+1일,"경유 1, 18시간 25분",성인/모든 결제수단,"편도 8,745,200원~"
2023-08-29,캐세이퍼시픽항공,12:45CDG,19:15ICN,+1일,"경유 1, 23시간 30분",성인/모든 결제수단,"편도 8,745,200원~"
2023-08-29,대한항공,17:50CDG,12:40ICN,+1일,"직항, 11시간 50분",성인/모든 결제수단,"편도 10,793,200원~"
2023-08-29,대한항공,21:00CDG,15:00ICN,+1일,"직항, 11시간 00분",성인/모든 결제수단,"편도 10,793,200원~"
2023-08-29,싱가폴항공,12:00CDG,09:50ICN,+2일,"경유 1, 38시간 50분",성인/모든 결제수단,"편도 13,154,000원~"
2023-08-29,싱가폴항공,12:00CDG,15:35ICN,+1일,"경유 1, 20시간 35분",성인/모든 결제수단,"편도 13,154,000원~"
2023-08-29,싱가폴항공공동운항 정보확인필요,12:00CDG,10:50ICN,+2일,"경유 1, 39시간 50분",성인/모든 결제수단,"편도 13,154,000원~"
2023-08-29,싱가폴항공,12:00CDG,22:15ICN,+1일,"경유 1, 27시간 15분",성인/모든 결제수단,"편도 13,154,000원~"
2023-08-29,싱가폴항공,12:00CDG,07:45ICN,+2일,"경유 1, 36시간 45분",성인/모든 결제수단,"편도 13,154,000원~"
2023-08-29,여러항공사싱가폴항공 공동운항,12:00CDG,15:35ICN,+1일,"경유 1, 20시간 35분",성인/모든 결제수단,"편도 17,376,200원~"
2023-08-29,여러항공사,12:45CDG,05:10ICN,+2일,"경유 1, 33시간 25분",성인/모든 결제수단,"편도 17,810,300원~"
2023-08-29,여러항공사,12:45CDG,05:25ICN,+2일,"경유 1, 33시간 40분",성인/모든 결제수단,"편도 20,047,900원~"
2023-08-30,에미레이트항공,21:55CDG,17:00ICN,+2일,"경유 1, 36시간 05분",성인/모든 결제수단,"편도 6,089,300원~"
2023-08-30,에미레이트항공,11:25CDG,17:00ICN,+1일,"경유 1, 22시간 35분",성인/모든 결제수단,"편도 6,089,300원~"
2023-08-30,에미레이트항공,15:35CDG,17:00ICN,+1일,"경유 1, 18시간 25분",성인/모든 결제수단,"편도 6,089,300원~"
2023-08-30,캐세이퍼시픽항공,12:45CDG,14:10ICN,+1일,"경유 1, 18시간 25분",성인/모든 결제수단,"편도 8,745,200원~"
2023-08-30,캐세이퍼시픽항공,12:45CDG,12:35ICN,+1일,"경유 1, 16시간 50분",성인/모든 결제수단,"편도 8,745,200원~"
2023-08-30,캐세이퍼시픽항공,12:45CDG,19:15ICN,+1일,"경유 1, 23시간 30분",성인/모든 결제수단,"편도 8,745,200원~"
2023-08-30,캐세이퍼시픽항공,12:45CDG,21:15ICN,+1일,"경유 1, 25시간 30분",성인/모든 결제수단,"편도 8,745,200원~"
2023-08-30,대한항공,21:00CDG,15:00ICN,+1일,"직항, 11시간 00분",성인/모든 결제수단,"편도 10,793,200원~"
2023-08-30,싱가폴항공,12:00CDG,07:45ICN,+2일,"경유 1, 36시간 45분",성인/모든 결제수단,"편도 13,154,000원~"
2023-08-30,싱가폴항공,12:00CDG,15:35ICN,+1일,"경유 1, 20시간 35분",성인/모든 결제수단,"편도 13,154,000원~"
2023-08-30,싱가폴항공,12:00CDG,09:50ICN,+2일,"경유 1, 38시간 50분",성인/모든 결제수단,"편도 13,154,000원~"
2023-08-30,싱가폴항공,12:00CDG,22:15ICN,+1일,"경유 1, 27시간 15분",성인/모든 결제수단,"편도 13,154,000원~"
2023-08-30,여러항공사싱가폴항공 공동운항,12:00CDG,15:35ICN,+1일,"경유 1, 20시간 35분",성인/모든 결제수단,"편도 17,376,200원~"
2023-08-30,여러항공사,12:45CDG,05:10ICN,+2일,"경유 1, 33시간 25분",성인/모든 결제수단,"편도 17,810,300원~"
2023-08-30,여러항공사,12:45CDG,17:00ICN,+1일,"경유 1, 21시간 15분",성인/모든 결제수단,"편도 20,011,800원~"
2023-08-30,여러항공사,12:45CDG,05:25ICN,+2일,"경유 1, 33시간 40분",성인/모든 결제수단,"편도 20,047,900원~"
2023-08-31,에미레이트항공,15:35CDG,17:00ICN,+1일,"경유 1, 18시간 25분",성인/모든 결제수단,"편도 6,089,300원~"
2023-08-31,에미레이트항공,21:55CDG,17:00ICN,+2일,"경유 1, 36시간 05분",성인/모든 결제수단,"편도 6,089,300원~"
2023-08-31,에미레이트항공,11:25CDG,17:00ICN,+1일,"경유 1, 22시간 35분",성인/모든 결제수단,"편도 6,089,300원~"
2023-08-31,캐세이퍼시픽항공,12:45CDG,14:10ICN,+1일,"경유 1, 18시간 25분",성인/모든 결제수단,"편도 8,745,200원~"
2023-08-31,캐세이퍼시픽항공,12:45CDG,19:15ICN,+1일,"경유 1, 23시간 30분",성인/모든 결제수단,"편도 8,745,200원~"
2023-08-31,캐세이퍼시픽항공,12:45CDG,21:15ICN,+1일,"경유 1, 25시간 30분",성인/모든 결제수단,"편도 8,745,200원~"
2023-08-31,캐세이퍼시픽항공,12:45CDG,12:35ICN,+1일,"경유 1, 16시간 50분",성인/모든 결제수단,"편도 8,745,200원~"
2023-08-31,대한항공,21:00CDG,15:00ICN,+1일,"직항, 11시간 00분",성인/모든 결제수단,"편도 10,793,200원~"
2023-08-31,싱가폴항공,12:00CDG,07:45ICN,+2일,"경유 1, 36시간 45분",성인/모든 결제수단,"편도 13,154,000원~"
2023-08-31,싱가폴항공,12:00CDG,15:35ICN,+1일,"경유 1, 20시간 35분",성인/모든 결제수단,"편도 13,154,000원~"
2023-08-31,싱가폴항공,12:00CDG,22:15ICN,+1일,"경유 1, 27시간 15분",성인/모든 결제수단,"편도 13,154,000원~"
2023-08-31,싱가폴항공,12:00CDG,09:50ICN,+2일,"경유 1, 38시간 50분",성인/모든 결제수단,"편도 13,154,000원~"
2023-08-31,싱가폴항공공동운항 정보확인필요,12:00CDG,10:50ICN,+2일,"경유 1, 39시간 50분",성인/모든 결제수단,"편도 13,154,000원~"
2023-08-31,여러항공사싱가폴항공 공동운항,12:00CDG,15:35ICN,+1일,"경유 1, 20시간 35분",성인/모든 결제수단,"편도 17,376,200원~"
2023-08-31,ANA항공 공동운항 정보확인필요,09:35CDG,14:25GMP,+1일,"경유 2, 21시간 50분",성인/모든 결제수단,"편도 17,671,000원~"
2023-08-31,ANA항공 공동운항 정보확인필요,09:35CDG,14:25GMP,+1일,"경유 2, 21시간 50분",성인/모든 결제수단,"편도 17,711,000원~"
2023-08-31,여러항공사,12:45CDG,05:10ICN,+2일,"경유 1, 33시간 25분",성인/모든 결제수단,"편도 17,810,300원~"
2023-08-31,여러항공사,12:45CDG,05:25ICN,+2일,"경유 1, 33시간 40분",성인/모든 결제수단,"편도 20,032,400원~"
